#{"t_start": 1789608415.906354, "env_id": "None"}
r,l,t
9.8,53,0.549747
56.9,31,0.552683
41.1,39,0.556253
55.6,44,0.560592
56.8,32,0.563577
40.2,48,0.567938
-135.5,55,0.572895
-84.1,41,0.576596
40.1,50,0.581025
25.4,45,0.585016
-86.8,67,0.59145
7.9,71,0.598071
40.2,49,0.602991
86.6,33,0.606092
26.6,36,0.609464
41.4,37,0.612867
38.7,56,0.617967
72.1,29,0.620607
40.5,45,0.62467
41.6,34,0.627756
-94.7,48,0.632065
87.2,29,0.634697
72.2,28,0.637237
25.6,44,0.641239
24.5,56,0.646254
56.8,33,0.649229
40.5,45,0.653293
25.8,42,0.65707
25.4,47,0.661271
72.1,29,0.663877
70.5,46,0.667975
26.0,40,0.671536
69.2,56,0.676537
71.8,32,0.6794
56.4,37,0.682727
-85.5,55,0.687626
56.3,39,0.691104
55.7,43,0.694933
72.2,28,0.697456
40.5,42,0.70122
24.3,57,0.706303
-85.0,51,0.710841
-105.1,51,0.715377
71.2,38,0.718796
87.8,22,0.72078
115.9,40,0.724357
86.5,35,0.727475
26.4,36,0.730739
11.2,38,0.971092
56.9,30,0.973906
86.5,35,0.977105
86.4,35,0.980322
56.5,36,0.983593
40.6,41,0.987298
71.0,38,0.990761
-85.0,50,0.995272
56.8,33,0.998262
25.6,44,1.002221
102.2,29,1.004835
102.4,26,1.007197
87.2,28,1.009731
87.6,24,1.011895
10.3,47,1.016089
40.6,43,1.019931
86.7,33,1.022863
26.6,34,1.025891
24.7,53,1.030564
87.7,23,1.032616
70.6,44,1.036507
55.5,45,1.040479
40.8,42,1.044191
56.0,39,1.047641
87.3,27,1.050055
55.9,42,1.053776
85.8,43,1.057574
26.0,41,1.061209
41.4,36,1.064406
71.4,36,1.067611
102.5,25,1.069848
101.3,36,1.073021
56.5,35,1.076137
87.2,28,1.078631
71.5,35,1.081721
56.0,40,1.085231
85.7,42,1.088931
72.1,29,1.091496
70.6,43,1.095291
72.5,25,1.097503
56.7,33,1.100421
56.4,36,1.103599
41.1,39,1.107045
71.7,29,1.109625
72.0,28,1.112101
42.2,28,1.114572
88.0,20,1.116354
56.8,32,1.119193
41.7,33,1.12213
72.0,31,1.124875
72.1,29,1.127449
55.7,43,1.131244
87.4,27,1.133636
85.3,46,1.137689
73.0,20,1.139481
86.7,31,1.142228
87.2,28,1.144705
87.0,31,1.147454
71.2,38,1.346866
72.2,29,1.349558
87.5,25,1.351813
87.5,25,1.354048
103.0,20,1.355827
88.5,15,1.357182
101.0,40,1.360843
86.3,37,1.364484
102.1,29,1.36717
57.0,31,1.370207
103.5,15,1.371681
87.5,25,1.374038
72.0,30,1.376819
56.3,37,1.380188
87.5,25,1.382465
72.4,26,1.384866
72.7,23,1.386965
11.2,38,1.390399
87.5,25,1.392681
102.1,27,1.395137
102.8,22,1.397141
72.0,30,1.399871
88.2,18,1.401497
57.0,30,1.404224
71.6,35,1.40744
71.7,32,1.410353
102.2,28,1.412898
86.8,32,1.415796
72.7,24,1.417984
86.3,37,1.421329
102.6,24,1.423497
118.3,18,1.425136
102.4,26,1.427493
84.3,57,1.4326
26.1,40,1.436194
86.7,33,1.439159
85.1,45,1.443192
102.2,28,1.44573
72.2,29,1.448336
57.2,28,1.450865
86.7,32,1.453745
72.5,24,1.455901
87.3,27,1.458389
25.8,43,1.462268
72.4,26,1.464614
40.4,46,1.468725
87.2,28,1.471253
71.4,36,1.474499
26.3,38,1.47791
101.2,38,1.481339
102.3,28,1.483862
86.0,40,1.48742
72.4,27,1.489871
132.9,20,1.491678
57.4,26,1.494023
117.8,21,1.495925
57.1,28,1.498443
72.0,29,1.501058
102.3,27,1.503487
103.1,19,1.505217
131.9,30,1.507923
88.3,17,1.509471
56.8,32,1.512318
103.0,20,1.514126
41.9,30,1.516815
71.3,37,1.52014
87.2,28,1.522648
116.7,33,1.525604
71.7,34,1.528649
56.5,35,1.531781
72.7,23,1.72707
103.1,19,1.728799
88.5,15,1.73015
101.9,29,1.732714
101.9,31,1.735419
88.5,15,1.736764
103.0,20,1.738521
87.3,27,1.740897
87.5,25,1.743091
87.8,22,1.745101
88.1,19,1.747018
87.8,23,1.749388
56.6,34,1.752641
102.8,22,1.754737
101.9,31,1.757536
103.0,20,1.759498
102.4,26,1.762108
117.2,28,1.764874
101.9,31,1.767955
88.0,21,1.770299
88.2,19,1.772072
86.8,33,1.775237
103.3,17,1.776913
88.2,20,1.778917
57.8,22,1.780987
88.2,18,1.782709
86.8,32,1.785922
57.0,30,1.788774
72.9,21,1.790845
86.6,32,1.793891
87.5,25,1.796219
117.8,22,1.798537
73.2,18,1.800277
42.2,28,1.802936
88.2,18,1.804641
41.7,33,1.80773
72.9,22,1.809749
103.5,15,1.811164
103.4,18,1.812783
87.3,25,1.815129
102.9,21,1.817221
88.2,17,1.818941
87.9,21,1.820999
88.0,20,1.822878
72.8,22,1.824907
73.0,20,1.826844
56.7,34,1.830049
56.4,35,1.8334
117.8,22,1.835489
102.7,23,1.837596
87.9,21,1.83966
87.8,21,1.841645
88.4,18,1.84342
57.6,25,1.845774
117.6,24,1.847971
72.2,29,1.850627
87.7,22,1.852583
103.0,19,1.854378
86.8,31,1.857171
118.4,16,1.858604
103.0,20,1.860378
88.0,20,1.862131
57.1,28,1.864591
72.8,22,1.866526
72.6,24,1.868633
72.2,28,1.871077
72.4,25,1.87327
88.1,19,1.874961
102.6,24,1.877059
72.2,27,1.879417
102.7,23,1.881428
103.7,14,1.882668
87.3,27,1.885043
102.5,25,1.887228
72.5,25,1.889417
102.0,28,1.891849
101.9,31,1.894554
57.9,21,1.896396
101.8,32,1.899188
102.6,24,1.901278
103.0,21,1.903126
71.4,35,1.90618
87.4,26,1.908441
102.4,25,1.910631
102.3,27,1.912987
71.8,32,2.110516
87.8,22,2.112547
73.1,19,2.114272
72.1,28,2.116769
72.6,25,2.118984
72.5,26,2.121283
87.9,21,2.123158
71.7,31,2.125898
103.2,18,2.127503
102.8,21,2.129411
57.8,22,2.131617
103.4,16,2.133321
103.4,16,2.134893
88.1,19,2.136711
117.4,27,2.139257
57.7,23,2.141477
88.4,17,2.143102
103.5,15,2.144521
87.5,22,2.14654
73.0,20,2.148372
73.2,18,2.150142
57.5,25,2.152513
88.3,17,2.154077
87.8,22,2.156228
72.8,21,2.158176
103.0,20,2.159983
102.9,21,2.161875
118.4,17,2.163694
103.0,21,2.165707
73.2,18,2.167489
117.6,24,2.169745
87.8,22,2.17181
102.5,24,2.17405
88.7,13,2.17529
71.9,30,2.178029
118.6,14,2.179421
87.6,24,2.181657
118.2,18,2.183406
72.5,25,2.185818
103.4,16,2.187355
103.3,17,2.188944
102.5,25,2.191206
117.8,22,2.193185
103.0,20,2.195093
102.7,23,2.19724
72.7,23,2.199433
103.5,15,2.200878
103.3,17,2.202447
72.1,30,2.205158
88.1,20,2.207029
88.6,14,2.208291
72.5,27,2.210746
103.5,15,2.212094
73.0,20,2.2139
102.5,25,2.216204
102.8,21,2.21809
103.4,17,2.219642
102.4,25,2.221875
102.5,24,2.224239
72.9,21,2.22627
88.0,20,2.228209
103.3,17,2.229849
72.8,21,2.231797
118.4,16,2.233257
103.3,17,2.234797
118.4,16,2.236221
57.8,22,2.238181
72.5,25,2.240404
88.6,14,2.241656
88.2,18,2.243271
103.0,19,2.244959
103.4,16,2.246384
103.4,16,2.247815
103.6,14,2.24906
118.3,17,2.250581
118.1,18,2.252176
73.3,17,2.253684
101.9,29,2.256245
88.0,20,2.258034
118.2,17,2.259552
87.6,23,2.261582
103.2,19,2.26327
87.9,21,2.265153
103.1,19,2.266861
56.5,34,2.269863
88.2,18,2.271463
103.1,19,2.273147
102.4,26,2.27544
72.3,27,2.277828
87.7,23,2.279855
73.0,20,2.281623
103.1,19,2.283314
88.2,18,2.284919
102.6,23,2.286963
103.2,17,2.288477
88.0,20,2.290238
133.2,18,2.291828
102.9,21,2.293686
103.1,19,2.29536
87.7,23,2.297382
73.2,18,2.495891
87.9,21,2.49788
103.3,16,2.499377
88.7,13,2.500559
103.6,13,2.501775
87.6,25,2.504025
103.5,15,2.505409
88.0,20,2.507219
103.2,19,2.508958
118.2,18,2.510638
103.4,16,2.512297
133.3,17,2.513927
103.6,14,2.515219
42.4,27,2.517851
133.6,14,2.519195
102.6,24,2.521442
103.7,13,2.522655
88.1,19,2.524389
103.4,15,2.525762
72.8,22,2.527802
103.2,19,2.529508
102.5,25,2.531926
103.2,18,2.533707
103.6,14,2.535079
103.3,17,2.536813
102.9,21,2.538752
87.5,24,2.54096
133.7,13,2.542143
72.4,27,2.5446
103.3,17,2.546142
118.7,13,2.547336
103.9,11,2.548346
87.9,21,2.550248
103.5,15,2.551598
88.1,19,2.55343
88.1,19,2.55521
73.3,17,2.556813
133.8,12,2.557951
87.7,23,2.560137
72.6,24,2.562473
103.7,13,2.563733
88.0,20,2.565638
88.1,19,2.56744
103.9,11,2.56853
88.7,13,2.56976
103.6,13,2.570993
88.5,16,2.572544
87.8,23,2.574712
72.7,23,2.576829
87.9,21,2.578766
103.2,18,2.580445
103.6,14,2.581755
103.4,16,2.583246
103.6,14,2.584657
87.9,20,2.586586
103.5,15,2.587994
103.6,14,2.589286
118.7,13,2.590511
118.4,17,2.592081
88.5,16,2.593572
103.1,19,2.595292
88.0,20,2.597224
103.6,15,2.598651
103.0,19,2.600516
87.5,24,2.602783
103.6,14,2.604083
103.4,16,2.605558
102.7,23,2.607653
88.6,14,2.60898
117.7,22,2.610993
103.2,18,2.612611
118.5,15,2.613979
118.4,16,2.615415
103.3,17,2.61696
133.7,13,2.618123
103.7,13,2.619294
103.3,17,2.620828
118.6,14,2.622085
117.7,22,2.624094
103.6,14,2.625358
132.5,26,2.627704
88.3,17,2.629224
72.6,22,2.63118
88.1,19,2.63288
103.5,15,2.634233
103.5,15,2.635594
103.7,13,2.636773
118.7,13,2.637947
117.6,23,2.640009
103.4,16,2.641452
103.2,18,2.643071
103.8,12,2.644155
103.6,14,2.645414
87.8,23,2.64747
103.5,16,2.648898
103.4,16,2.65033
103.4,16,2.651763
103.5,15,2.65311
103.3,17,2.654637
88.0,20,2.656429
103.9,11,2.65742
103.8,12,2.658508
88.6,14,2.659763
88.5,15,2.661106
103.7,13,2.662265
103.8,12,2.663351
72.5,25,2.665585
103.3,16,2.667037
87.7,23,2.669078
87.8,24,2.671222
103.3,17,2.672738
88.2,18,2.674347
103.9,11,2.675337
88.0,21,2.677217
73.1,19,2.678918
117.7,22,2.680892
88.5,15,2.682232
73.1,19,2.879904
103.8,12,2.881101
73.1,19,2.882838
88.1,18,2.884486
103.7,13,2.885663
103.7,13,2.886829
103.4,16,2.888264
103.8,12,2.889345
88.4,16,2.890791
88.3,16,2.892226
88.3,18,2.893836
103.5,15,2.895184
72.9,21,2.897055
103.9,11,2.898053
103.0,19,2.899776
103.5,13,2.900969
103.8,12,2.902136
103.7,14,2.903466
88.8,13,2.904658
87.8,23,2.906966
88.7,13,2.908273
103.6,14,2.909637
88.4,16,2.911156
118.1,19,2.912958
118.7,13,2.914216
104.0,10,2.915143
118.7,13,2.916407
103.3,16,2.917902
88.2,18,2.919572
103.8,12,2.920675
103.9,11,2.921731
104.0,10,2.922671
103.5,15,2.92406
103.4,16,2.925553
73.1,19,2.927439
103.9,11,2.928471
88.6,14,2.929837
103.5,15,2.931317
103.8,12,2.932473
103.8,12,2.933637
103.0,21,2.935557
103.8,12,2.93668
88.6,14,2.938031
88.2,18,2.939726
103.3,17,2.94135
103.3,16,2.94284
103.2,17,2.944399
103.6,14,2.945666
88.5,15,2.947189
117.8,22,2.949288
103.8,12,2.95059
88.6,14,2.951948
103.7,13,2.953135
103.5,15,2.954525
103.6,14,2.95582
103.9,11,2.956823
103.7,13,2.958044
88.6,14,2.959285
118.6,14,2.960541
103.9,11,2.961543
118.7,13,2.962733
88.7,13,2.963925
103.8,12,2.965028
103.8,12,2.966126
103.9,11,2.96711
88.5,15,2.968478
87.7,23,2.970696
103.5,15,2.97215
103.8,12,2.973256
103.8,12,2.974406
103.5,15,2.975789
102.8,22,2.977813
103.4,16,2.979339
104.0,10,2.9803
88.1,19,2.98207
103.3,17,2.983588
102.7,21,2.98549
103.4,16,2.986928
103.4,16,2.988376
88.7,13,2.989542
103.7,13,2.990737
88.4,16,2.992171
118.6,14,2.993456
103.7,13,2.994633
103.1,19,2.996347
103.2,19,2.998169
103.3,18,2.999979
103.8,12,3.001188
118.3,17,3.002818
88.0,20,3.004656
103.4,16,3.006136
103.3,17,3.007697
87.8,22,3.009708
103.7,13,3.010903
104.0,10,3.01182
88.6,14,3.013091
88.0,19,3.014811
88.2,18,3.016466
88.5,15,3.017834
103.8,12,3.018922
88.2,17,3.020466
103.3,17,3.021996
88.2,18,3.023633
103.5,15,3.024998
103.2,17,3.026543
103.3,17,3.028097
103.8,12,3.029187
103.6,14,3.030454
103.2,18,3.032076
103.8,12,3.033174
103.2,18,3.034792
103.1,18,3.036426
73.2,18,3.038049
118.8,12,3.039137
88.7,13,3.040308
103.6,16,3.041761
88.0,21,3.043649
88.4,16,3.045095
103.7,13,3.046276
88.6,14,3.047555
103.9,11,3.048561
103.7,13,3.049749
103.6,14,3.051012
88.1,19,3.052723
103.9,11,3.053726
103.8,13,3.054906
103.8,12,3.055992
133.4,16,3.057434
103.8,12,3.058519
103.0,20,3.060317
103.1,19,3.062035
103.8,12,3.063122
88.7,13,3.064292
88.1,19,3.066001
103.8,13,3.067194
103.2,18,3.068819
117.4,22,3.267294
103.2,17,3.268915
103.9,11,3.269959
103.8,12,3.27108
103.9,11,3.272108
118.8,12,3.273247
118.8,12,3.274354
88.5,15,3.275739
88.1,19,3.277478
88.3,17,3.27903
88.5,15,3.28041
103.9,11,3.281422
103.5,16,3.282923
103.7,13,3.284316
103.4,17,3.285987
103.7,13,3.287203
88.6,14,3.288537
103.2,18,3.290267
103.1,18,3.292092
88.7,13,3.293381
102.9,20,3.295259
102.8,22,3.29725
103.4,16,3.298726
118.7,13,3.300042
103.6,14,3.301346
103.5,14,3.302627
103.9,11,3.30361
88.2,18,3.305243
103.7,14,3.306523
73.2,18,3.308127
104.0,10,3.30906
103.6,14,3.310355
103.8,12,3.311428
88.6,14,3.312708
88.3,17,3.314238
88.7,13,3.315402
103.9,11,3.3165
118.4,15,3.317854
118.9,11,3.318873
132.8,21,3.320764
103.6,14,3.32203
103.2,18,3.323678
103.7,13,3.324867
103.7,13,3.326028
118.8,12,3.327105
103.6,14,3.328477
88.7,13,3.329845
104.0,10,3.33082
118.8,12,3.33197
88.2,17,3.333688
103.6,14,3.335101
118.3,17,3.336799
103.8,12,3.337977
103.7,13,3.339237
118.8,12,3.34043
103.9,11,3.34153
103.1,19,3.343313
118.3,17,3.344959
103.9,11,3.346012
88.7,13,3.347269
103.4,15,3.348664
103.8,12,3.349784
103.8,12,3.350911
88.6,14,3.352182
73.3,17,3.353748
103.8,12,3.354881
103.6,14,3.356164
118.8,12,3.357295
103.6,14,3.358567
103.7,13,3.359781
88.4,16,3.361347
133.8,12,3.362488
103.2,18,3.36415
103.9,11,3.365279
103.8,12,3.366458
103.9,11,3.367522
103.9,11,3.368622
88.7,13,3.369845
103.8,12,3.370982
104.0,10,3.371898
103.7,13,3.373084
103.4,16,3.374522
88.7,13,3.375761
103.3,15,3.377274
103.9,11,3.378294
103.8,12,3.379379
103.8,12,3.38047
103.8,12,3.381557
103.9,11,3.382552
103.6,14,3.383879
103.5,15,3.385221
103.7,13,3.38637
118.6,14,3.387608
118.8,12,3.388676
88.5,15,3.390006
103.5,15,3.391362
103.3,17,3.392853
73.1,20,3.394618
103.9,11,3.395595
118.6,14,3.396836
103.4,16,3.39824
118.6,15,3.399577
118.0,20,3.401352
118.6,14,3.402587
103.6,14,3.403822
88.7,13,3.404971
118.2,18,3.406558
88.4,16,3.407977
103.6,14,3.409216
118.6,15,3.410593
103.1,19,3.412264
88.7,13,3.413423
103.7,13,3.414571
103.8,12,3.41564
103.4,16,3.417053
103.6,14,3.418292
87.9,21,3.420141
88.6,14,3.421375
88.1,19,3.42305
103.7,13,3.424209
88.7,13,3.42536
103.3,17,3.426861
118.7,13,3.428017
103.7,14,3.429263
103.9,11,3.430237
118.6,14,3.43147
88.5,16,3.432877
88.3,17,3.434376
88.0,20,3.436133
103.6,14,3.437365
103.3,17,3.438866
118.9,11,3.439845
103.5,15,3.441171
103.6,15,3.442491
118.6,14,3.443716
103.7,14,3.444955
103.5,14,3.446196
103.4,17,3.447686
103.9,11,3.448652
88.3,17,3.450149
133.8,12,3.451206
88.7,13,3.452361
103.9,11,3.453345
103.6,14,3.652731
103.8,12,3.653927
118.4,16,3.655418
103.8,12,3.656518
103.9,11,3.657519
104.0,10,3.658421
103.5,15,3.659767
103.7,13,3.660932
88.1,19,3.662631
103.4,15,3.663976
88.4,16,3.665404
103.8,12,3.666479
88.5,15,3.667824
103.1,17,3.669379
87.9,20,3.671386
103.6,14,3.672799
88.3,16,3.674269
104.0,10,3.675349
118.7,14,3.676739
118.8,12,3.677913
88.7,13,3.679177
103.7,13,3.680418
103.2,18,3.682104
103.3,17,3.683852
103.8,12,3.684988
103.8,12,3.686111
103.9,11,3.68722
103.7,13,3.688458
103.3,17,3.690007
88.7,13,3.691337
103.6,14,3.692674
103.9,11,3.693724
103.4,16,3.695456
104.0,10,3.696461
88.4,16,3.697996
103.1,19,3.699869
104.0,11,3.700955
88.7,13,3.702191
103.9,11,3.703214
103.9,11,3.704242
88.6,14,3.705523
103.6,14,3.70684
118.6,14,3.708137
103.7,13,3.70933
103.9,11,3.71035
103.5,15,3.711768
103.8,12,3.712863
88.7,13,3.714073
103.6,15,3.715651
103.9,11,3.716792
103.7,13,3.718045
103.5,15,3.719533
104.0,10,3.720499
88.7,13,3.721687
103.4,16,3.723256
103.3,17,3.724926
103.9,11,3.725967
118.9,11,3.727052
104.0,10,3.727989
104.0,10,3.728918
104.0,10,3.729864
103.5,15,3.731303
104.0,10,3.732231
103.6,14,3.733544
103.7,13,3.734758
133.8,12,3.735854
118.3,17,3.737431
88.7,13,3.738653
118.3,17,3.740282
118.5,15,3.741816
103.3,16,3.743347
103.8,12,3.744479
88.4,16,3.745935
104.0,10,3.746915
73.3,18,3.74861
103.1,19,3.750392
103.7,13,3.751602
118.8,12,3.75272
103.9,11,3.75371
103.6,13,3.754897
103.7,13,3.756058
103.6,14,3.757349
103.9,12,3.758429
103.1,18,3.760061
103.0,20,3.761852
103.7,13,3.763046
88.6,14,3.764293
103.5,15,3.765658
88.5,15,3.767042
103.8,12,3.768113
103.5,15,3.769493
104.0,10,3.770397
103.0,19,3.772111
88.6,14,3.773362
103.7,13,3.774535
103.3,16,3.775969
118.8,12,3.777038
103.9,11,3.778021
103.7,13,3.779197
118.9,11,3.780184
118.7,13,3.781344
104.0,10,3.782245
103.8,12,3.783338
103.8,12,3.78443
88.2,18,3.786035
103.6,15,3.787377
103.8,12,3.788453
103.8,12,3.789528
103.7,13,3.790697
103.8,12,3.791767
102.8,20,3.793592
103.8,12,3.794666
103.6,14,3.795921
103.6,14,3.797179
103.8,12,3.798252
118.4,16,3.799697
103.6,14,3.800949
103.5,15,3.802278
118.4,16,3.803704
103.8,12,3.804769
88.6,14,3.806017
88.6,14,3.807286
103.8,12,3.808361
103.5,15,3.809702
88.7,13,3.81086
103.2,17,3.812363
103.6,15,3.813698
103.9,11,3.814685
118.6,14,3.815947
88.7,13,3.817118
103.9,11,3.818102
88.6,14,3.819346
103.6,13,3.820507
103.8,12,3.821571
118.9,11,3.822556
103.4,16,3.823979
88.6,14,3.825233
103.3,15,3.826575
88.7,13,3.827731
103.9,11,3.828718
103.4,16,3.83014
118.7,13,3.831301
88.5,15,3.832637
103.7,13,3.833795
88.3,17,3.835305
103.7,13,3.836472
103.7,13,3.837634
118.5,15,3.838967
104.0,10,3.839865
103.9,11,3.840848
88.7,13,4.038842
104.0,11,4.039954
103.8,12,4.041097
103.7,13,4.042284
103.6,13,4.043475
103.7,13,4.044676
103.9,11,4.045687
88.4,16,4.047141
103.4,16,4.048609
104.0,10,4.049527
104.0,10,4.050446
88.1,19,4.052197
118.8,12,4.053418
88.4,15,4.0549
103.7,13,4.056295
103.4,15,4.05776
104.0,10,4.058782
103.9,11,4.059814
104.0,10,4.060752
88.6,14,4.062098
103.8,12,4.06319
104.0,10,4.064155
103.6,14,4.065458
118.9,11,4.066517
103.8,12,4.067608
103.9,11,4.06866
103.8,12,4.069787
88.5,15,4.071164
103.4,17,4.072733
118.9,11,4.07375
103.8,12,4.07485
118.9,11,4.075873
118.3,17,4.077474
103.9,11,4.078517
88.7,13,4.079726
104.0,10,4.080655
103.8,12,4.081775
103.8,12,4.08303
103.8,12,4.084194
118.9,11,4.085226
104.0,10,4.086187
87.7,22,4.088221
103.6,14,4.089511
103.7,13,4.090749
103.8,12,4.091845
103.9,11,4.092856
103.6,14,4.094175
103.7,13,4.095383
103.7,13,4.09656
103.5,15,4.09807
103.3,17,4.099804
103.4,16,4.101313
103.9,11,4.102344
103.9,11,4.103376
103.9,11,4.104421
103.8,12,4.105521
103.5,15,4.10704
104.0,10,4.108006
104.0,10,4.108927
103.8,12,4.110034
104.0,10,4.110963
103.6,14,4.112229
104.0,10,4.113142
103.5,15,4.114536
103.7,13,4.115742
118.5,15,4.117142
104.0,10,4.118078
103.9,11,4.119078
103.2,18,4.120729
104.0,10,4.121656
103.8,12,4.122882
104.0,10,4.123848
118.6,14,4.125241
103.8,12,4.126428
118.6,14,4.127732
103.7,14,4.12903
103.7,13,4.130292
103.9,11,4.131308
118.7,13,4.132509
103.8,12,4.1337
103.7,13,4.134963
104.0,10,4.135893
103.9,11,4.136925
118.6,14,4.138231
104.0,10,4.139146
104.0,10,4.140055
103.5,15,4.141557
103.7,13,4.142834
103.5,15,4.144233
103.8,12,4.145378
103.8,12,4.146503
88.6,14,4.147782
104.0,10,4.148722
133.2,16,4.150223
103.9,11,4.151234
103.7,13,4.152452
118.9,11,4.15348
104.0,10,4.154391
103.6,14,4.155673
118.7,13,4.156853
103.6,14,4.158136
103.9,11,4.159138
88.4,17,4.160692
104.0,10,4.161603
104.0,10,4.16251
88.7,13,4.163686
88.2,17,4.165218
103.6,14,4.166502
103.6,14,4.167791
104.0,10,4.168702
103.1,19,4.170409
103.9,11,4.171419
118.5,15,4.172781
103.9,11,4.173792
103.8,12,4.174884
103.9,11,4.175885
103.7,13,4.177108
103.7,13,4.178279
103.7,12,4.179363
104.0,10,4.180269
103.9,11,4.181271
103.8,12,4.182357
103.7,13,4.183541
103.8,12,4.184631
118.7,13,4.18581
103.5,15,4.187167
118.9,11,4.188162
103.9,11,4.189157
104.0,10,4.190071
103.9,11,4.191094
103.5,15,4.192447
103.8,12,4.193541
103.9,11,4.194539
103.7,13,4.195713
103.9,11,4.196713
103.8,12,4.197802
103.6,14,4.199065
103.9,11,4.200063
88.5,16,4.201508
104.0,10,4.202413
103.5,15,4.203774
103.8,12,4.204865
88.7,13,4.206037
103.9,11,4.207031
103.9,11,4.208022
103.9,11,4.209021
103.5,15,4.210377
104.0,10,4.211275
118.9,11,4.21227
103.2,17,4.213802
103.8,12,4.214892
104.0,10,4.215803
103.8,12,4.216901
118.4,16,4.218339
103.8,12,4.219427
88.5,15,4.22078
103.7,13,4.221951
104.0,10,4.222865
103.9,11,4.223864
103.8,12,4.224959
88.6,14,4.226224
103.4,16,4.227665
104.0,10,4.22859
103.7,13,4.425409
103.8,12,4.426556
103.9,11,4.427569
103.8,12,4.428652
103.7,13,4.429817
103.3,17,4.431345
103.5,15,4.432683
103.7,13,4.433846
88.7,13,4.435005
104.0,10,4.435906
103.8,12,4.436986
103.6,14,4.438237
103.6,14,4.439478
103.9,11,4.440492
104.0,10,4.441402
104.0,10,4.442537
118.7,13,4.443824
118.9,11,4.445012
103.9,11,4.446119
118.8,12,4.447265
103.6,14,4.448592
103.9,11,4.449601
118.2,18,4.451386
103.8,12,4.452585
103.6,14,4.453921
103.7,13,4.455218
118.1,19,4.45697
103.6,14,4.458246
103.7,13,4.459433
104.0,10,4.460336
103.7,13,4.461496
118.8,13,4.462683
118.4,16,4.464114
103.3,17,4.465705
104.0,10,4.466815
103.5,15,4.468286
103.8,12,4.469409
103.9,11,4.470438
103.8,12,4.471543
103.8,12,4.472639
88.5,15,4.473977
103.6,14,4.475258
103.9,11,4.476272
103.6,14,4.477551
103.6,14,4.478954
104.0,10,4.47992
103.8,12,4.481078
104.0,10,4.482027
103.9,11,4.48311
103.8,12,4.484253
104.0,10,4.485191
118.9,11,4.486209
103.8,12,4.487324
104.0,10,4.488257
103.3,16,4.489733
103.8,12,4.490889
103.8,12,4.491985
104.0,10,4.492917
103.8,12,4.494017
103.9,12,4.495147
103.9,11,4.49618
118.8,12,4.497304
103.9,11,4.498345
104.0,10,4.499276
103.8,12,4.500388
118.6,14,4.501664
103.6,14,4.502974
103.8,12,4.504064
103.9,11,4.505085
118.7,13,4.506279
103.5,16,4.50778
103.5,15,4.509151
103.8,12,4.510275
103.8,12,4.511539
103.9,11,4.512587
104.0,10,4.513535
104.0,10,4.51447
103.7,13,4.515678
103.6,14,4.517009
103.9,11,4.518017
103.3,17,4.519571
103.8,12,4.520688
103.8,12,4.521769
103.6,13,4.522967
103.8,12,4.524068
103.6,14,4.525348
103.4,16,4.526847
103.9,11,4.52785
118.5,15,4.529225
103.9,11,4.530238
118.5,15,4.531608
104.0,10,4.532624
103.1,19,4.534432
103.4,16,4.535905
103.8,12,4.537059
103.9,11,4.538045
103.6,14,4.539339
103.9,11,4.54033
103.4,16,4.541926
103.6,14,4.54331
118.4,16,4.544831
103.5,15,4.54622
103.7,13,4.547415
103.9,11,4.548428
103.4,16,4.549907
103.9,11,4.550928
103.9,11,4.551942
104.0,10,4.552861
103.9,11,4.553866
104.0,10,4.554784
103.6,14,4.55606
103.9,11,4.557089
103.9,11,4.558103
103.4,16,4.559579
104.0,10,4.560503
103.8,12,4.56159
118.7,13,4.562778
103.9,11,4.563784
103.9,11,4.564789
103.9,11,4.565792
118.7,13,4.566978
103.8,12,4.568071
104.0,10,4.568989
103.8,13,4.570172
103.8,12,4.571277
103.7,13,4.572458
103.9,11,4.573456
103.8,12,4.574552
103.3,17,4.576102
103.9,11,4.577107
103.6,14,4.578373
103.7,13,4.579544
103.9,11,4.580543
88.6,14,4.581826
104.0,10,4.582745
118.8,12,4.583839
103.3,17,4.58537
103.6,14,4.586638
103.7,13,4.587816
103.4,16,4.589265
103.8,12,4.590357
103.5,15,4.591729
103.8,12,4.592824
103.9,11,4.593823
88.6,14,4.595095
103.8,12,4.596186
103.9,11,4.597187
104.0,10,4.598096
118.9,11,4.599097
104.0,10,4.600011
103.5,15,4.601379
103.4,16,4.602824
103.7,12,4.603918
118.9,11,4.604917
103.5,15,4.606283
88.6,14,4.607561
88.6,14,4.608831
118.9,11,4.609832
103.6,15,4.611188
103.7,13,4.612369
104.0,10,4.613282
103.6,14,4.614557
104.0,10,4.81089
118.5,15,4.812309
118.8,12,4.813429
118.7,13,4.814621
118.8,12,4.815727
103.5,15,4.817093
103.9,11,4.818106
88.7,13,4.819299
103.9,13,4.820496
104.0,10,4.821419
103.6,14,4.822693
103.6,14,4.823966
88.7,13,4.825159
103.9,11,4.826172
103.6,14,4.827446
103.7,13,4.828626
103.1,18,4.830254
103.6,14,4.831547
103.8,12,4.832738
103.8,12,4.833934
88.4,16,4.835535
103.5,15,4.836954
103.8,12,4.838046
104.0,10,4.838964
103.9,11,4.839968
103.5,15,4.841467
133.6,14,4.842802
104.0,10,4.843743
103.9,11,4.844771
103.8,12,4.845918
103.4,16,4.847366
118.7,13,4.848533
103.8,12,4.849781
103.8,12,4.850945
103.9,11,4.852002
103.0,20,4.85389
104.0,10,4.854813
103.7,13,4.856007
104.0,10,4.856916
103.8,12,4.858028
133.5,15,4.859395
103.7,13,4.860557
103.9,11,4.861635
102.9,19,4.863402
118.5,15,4.864764
103.6,14,4.866147
118.8,12,4.86731
103.9,11,4.868356
103.5,15,4.869788
103.9,11,4.870805
103.9,11,4.87185
103.9,11,4.872885
118.8,12,4.874012
103.8,13,4.875205
103.4,16,4.876684
103.8,12,4.877818
103.7,13,4.879027
103.6,14,4.880317
104.0,10,4.8813
103.9,11,4.882446
103.8,12,4.883652
103.9,11,4.884699
103.4,16,4.886257
103.9,11,4.887304
103.7,13,4.88853
103.6,14,4.889917
103.4,16,4.891429
103.8,12,4.892542
104.0,10,4.893551
88.6,14,4.894839
103.7,13,4.896029
103.6,14,4.897391
103.8,13,4.898666
103.8,12,4.899804
104.0,10,4.900737
103.9,11,4.901742
103.9,11,4.902742
103.9,11,4.903774
103.8,12,4.904846
103.7,13,4.90603
104.0,10,4.906931
118.6,14,4.908185
103.3,17,4.909751
103.6,14,4.911013
103.5,15,4.912376
103.8,12,4.913466
103.9,11,4.914451
104.0,10,4.915364
103.8,12,4.916471
103.9,11,4.917488
103.9,11,4.918473
88.6,14,4.919748
103.4,16,4.921182
103.8,12,4.922362
104.0,10,4.923331
103.9,11,4.92437
103.8,12,4.925499
118.6,14,4.926804
103.7,13,4.927985
103.2,18,4.929697
104.0,10,4.930634
103.9,11,4.931668
88.7,13,4.933086
103.6,14,4.934492
103.9,12,4.935634
103.7,13,4.936846
103.7,13,4.938047
103.8,12,4.939143
104.0,10,4.940074
103.2,18,4.941707
103.9,11,4.942728
104.0,10,4.943669
118.3,17,4.945204
88.6,14,4.94648
104.0,10,4.947392
103.7,13,4.948571
103.4,16,4.950032
103.7,13,4.951224
103.5,15,4.952584
104.0,10,4.953497
104.0,10,4.954406
103.7,13,4.955587
103.8,12,4.956681
103.5,15,4.958061
103.7,13,4.959245
103.5,15,4.960597
103.7,13,4.961781
118.7,13,4.962966
103.5,15,4.96432
103.1,19,4.966022
103.7,13,4.967204
104.0,10,4.968107
103.9,11,4.969098
103.8,12,4.970182
103.7,13,4.971372
118.6,14,4.972638
88.7,13,4.973808
104.0,10,4.97472
103.9,11,4.975715
118.6,15,4.977071
103.8,12,4.978155
118.7,13,4.979331
104.0,10,4.980234
103.9,11,4.981248
104.0,10,4.982161
103.5,15,4.983531
103.7,13,4.984711
103.3,17,4.986249
103.8,12,4.987335
103.8,12,4.988426
103.4,16,4.989878
103.6,14,4.991149
104.0,10,4.992057
103.7,13,4.993245
103.8,12,4.994337
103.9,11,4.995345
103.9,11,4.996353
103.5,15,4.997712
103.9,11,4.998721
103.8,12,4.999823
103.9,11,5.196829
88.3,18,5.198511
104.0,10,5.199425
103.4,16,5.200865
103.3,17,5.202375
104.0,10,5.203279
103.9,11,5.204272
103.7,13,5.205443
118.9,11,5.206433
118.6,14,5.207683
103.6,14,5.208932
103.9,11,5.209917
103.5,15,5.211252
88.6,15,5.212597
118.4,16,5.214222
103.8,12,5.215396
103.9,11,5.216475
103.8,12,5.217572
103.8,12,5.218676
103.6,14,5.219948
118.8,12,5.221065
103.5,15,5.222449
103.7,13,5.223619
103.8,12,5.224734
104.0,10,5.225637
103.6,14,5.226927
104.0,10,5.227824
118.7,13,5.229021
103.9,11,5.23002
104.0,10,5.231013
103.9,11,5.232042
103.5,14,5.233368
103.9,11,5.234427
103.7,13,5.235651
103.9,11,5.236687
103.5,15,5.238045
104.0,10,5.238974
103.9,11,5.239962
103.7,13,5.241154
104.0,10,5.242061
103.8,13,5.243357
103.4,15,5.244752
104.0,10,5.245693
118.8,12,5.246797
103.8,12,5.24788
104.0,10,5.248802
103.6,14,5.250158
104.0,10,5.251241
103.8,12,5.252431
104.0,10,5.253399
103.6,14,5.254728
118.9,11,5.255769
104.0,10,5.256715
103.9,11,5.257759
103.7,13,5.259027
118.9,11,5.260033
103.7,13,5.261233
103.8,12,5.262351
118.6,14,5.263681
103.6,14,5.264976
103.9,11,5.266012
104.0,10,5.26716
104.0,10,5.268124
88.6,14,5.26944
103.7,15,5.270846
104.0,10,5.271773
103.8,12,5.272904
88.7,13,5.2741
103.3,17,5.2757
104.0,10,5.276637
103.8,12,5.277756
103.6,15,5.279154
118.9,11,5.280168
103.6,14,5.281458
103.7,13,5.282705
103.5,15,5.284133
103.8,12,5.28528
104.0,10,5.286221
103.6,14,5.287509
104.0,10,5.288431
103.5,15,5.289784
104.0,10,5.290722
103.8,12,5.291808
103.7,13,5.293004
118.7,13,5.294181
103.9,11,5.295183
103.2,18,5.296821
103.6,14,5.298066
103.6,14,5.29934
103.3,17,5.300883
103.9,11,5.301876
88.6,15,5.303241
103.7,13,5.304397
103.7,13,5.305578
103.7,13,5.306821
103.8,12,5.307988
104.0,10,5.308934
118.8,12,5.310073
118.5,15,5.311461
103.8,12,5.312554
103.9,11,5.313647
104.0,10,5.314622
118.8,12,5.315767
103.8,12,5.316913
103.8,12,5.318029
103.8,12,5.319129
103.9,11,5.320126
103.5,15,5.321503
103.4,16,5.322971
118.6,14,5.324262
104.0,10,5.325186
103.9,11,5.326201
103.8,12,5.327328
103.5,15,5.328692
103.6,15,5.330054
103.4,16,5.331503
103.9,11,5.332517
104.0,10,5.333439
103.8,12,5.334537
103.9,11,5.335547
88.6,14,5.336821
103.6,14,5.338093
103.6,14,5.339366
103.8,12,5.340473
103.8,12,5.341579
103.6,14,5.342853
104.0,10,5.343767
103.9,11,5.344773
103.8,12,5.345876
103.9,11,5.346878
118.8,12,5.347966
103.5,15,5.349328
88.7,13,5.350512
103.2,17,5.352047
103.7,13,5.353225
103.6,13,5.354402
103.7,13,5.35558
103.6,14,5.356848
104.0,10,5.357769
103.7,13,5.358957
88.6,14,5.360227
103.9,11,5.36122
103.9,11,5.36222
104.0,10,5.363134
104.0,10,5.364045
103.9,11,5.365056
103.7,13,5.366234
88.3,17,5.367774
103.8,12,5.368864
103.7,13,5.370044
104.0,10,5.370967
88.7,13,5.372146
103.6,14,5.373414
103.7,13,5.374595
103.7,13,5.375774
103.8,12,5.376875
103.6,14,5.378143
104.0,10,5.379052
103.8,12,5.38014
104.0,10,5.381051
104.0,10,5.381967
104.0,10,5.382885
103.4,16,5.384332
103.9,11,5.385331
88.7,13,5.581939
103.6,13,5.583157
103.9,11,5.584163
118.8,12,5.585257
103.8,12,5.586337
103.4,16,5.587773
104.0,10,5.58868
103.2,18,5.590291
103.7,13,5.591459
103.6,14,5.59271
133.4,15,5.594047
103.7,13,5.595209
103.4,16,5.596633
104.0,10,5.597551
104.0,10,5.598506
103.9,11,5.599654
118.9,11,5.600765
104.0,10,5.601734
104.0,10,5.602776
103.5,15,5.604254
103.1,18,5.60596
103.4,16,5.607485
88.4,17,5.609071
103.5,15,5.610476
103.8,12,5.611648
103.7,13,5.612857
103.2,18,5.614517
118.8,12,5.615648
103.8,12,5.616766
103.9,11,5.617826
103.6,14,5.619144
103.8,13,5.620342
104.0,10,5.621301
104.0,10,5.622224
88.5,15,5.623703
103.2,18,5.625368
118.4,16,5.62683
103.9,11,5.627968
103.6,14,5.62929
103.8,12,5.630416
104.0,10,5.631417
103.9,11,5.63245
103.8,12,5.633606
103.7,13,5.634776
103.4,16,5.63623
103.9,11,5.637239
103.8,12,5.638313
104.0,10,5.639247
103.8,12,5.640342
103.2,19,5.642055
103.9,11,5.643072
103.8,12,5.644331
103.8,12,5.645481
88.5,15,5.646896
103.9,11,5.647968
118.4,16,5.649458
103.4,14,5.650969
103.9,11,5.652037
103.7,13,5.653261
118.7,13,5.654452
104.0,10,5.655396
103.8,12,5.656489
103.4,16,5.657974
104.0,10,5.658888
103.4,16,5.660568
118.9,11,5.661601
103.7,13,5.662776
103.7,13,5.664137
118.8,12,5.665297
104.0,10,5.666386
103.8,12,5.667549
103.6,14,5.668842
103.9,11,5.669841
104.0,10,5.670749
103.4,16,5.67233
103.6,14,5.673667
104.0,10,5.674613
103.5,15,5.676119
104.0,10,5.677091
103.7,13,5.678324
118.8,12,5.67945
103.8,12,5.680527
88.0,20,5.682356
103.6,14,5.683771
103.8,12,5.684933
104.0,10,5.685905
104.0,10,5.686847
103.6,14,5.688186
104.0,10,5.689126
103.5,15,5.690517
103.9,11,5.691557
88.5,15,5.692969
103.5,15,5.694352
104.0,10,5.695285
104.0,10,5.696298
118.9,11,5.697354
103.6,14,5.698752
118.8,12,5.699915
118.8,12,5.701072
103.7,13,5.702232
103.6,14,5.703509
118.9,11,5.704521
103.8,12,5.705692
103.3,17,5.70724
103.8,12,5.708321
118.5,15,5.709669
103.7,13,5.710851
103.7,13,5.712016
118.3,16,5.713432
118.4,16,5.714864
103.4,16,5.716314
103.6,14,5.717565
103.5,15,5.718907
103.9,11,5.719889
118.8,12,5.720957
103.4,15,5.722296
103.8,12,5.723376
103.8,12,5.724474
118.7,13,5.725646
103.6,14,5.726902
103.6,15,5.728245
104.0,10,5.729149
103.9,11,5.730135
103.8,12,5.731206
103.8,12,5.732281
103.6,14,5.733531
103.5,15,5.734863
103.9,11,5.735849
103.9,11,5.736833
103.8,12,5.737906
103.4,16,5.739335
103.5,14,5.740587
103.8,12,5.741658
103.3,17,5.743167
104.0,10,5.74406
104.0,10,5.744957
118.6,14,5.74621
104.0,10,5.74711
103.9,11,5.748094
104.0,10,5.748989
118.7,13,5.750154
104.0,10,5.751045
103.6,14,5.752288
103.8,12,5.753354
103.5,15,5.754687
103.8,12,5.755766
118.8,12,5.756832
118.8,12,5.757906
103.7,13,5.759056
103.9,11,5.760042
103.3,17,5.76155
103.8,12,5.762623
88.5,15,5.763965
103.7,13,5.765127
104.0,10,5.766024
103.8,12,5.767105
103.9,11,5.768084
103.9,11,5.76907
103.8,12,5.770151
88.7,13,5.771324
104.0,10,5.96836
118.8,12,5.969514
103.5,15,5.970914
103.6,14,5.972214
118.5,15,5.973606
104.0,10,5.974525
118.6,14,5.975802
103.9,11,5.976803
103.9,11,5.977815
104.0,10,5.978723
103.5,15,5.980085
103.5,15,5.981449
103.8,12,5.982556
103.8,12,5.983646
104.0,10,5.984563
103.7,13,5.985755
104.0,10,5.986702
118.4,16,5.988347
104.0,10,5.989331
118.5,15,5.990907
103.8,12,5.992069
103.9,11,5.993094
103.9,11,5.994111
104.0,10,5.995025
118.6,14,5.996299
103.9,11,5.997292
103.8,12,5.99838
88.7,13,5.999552
103.9,11,6.000691
103.8,12,6.001854
103.9,11,6.00289
103.9,11,6.00395
118.9,11,6.004968
104.0,10,6.005908
103.9,11,6.00693
103.8,12,6.008045
103.7,13,6.009267
118.5,15,6.010661
104.0,10,6.011595
88.6,14,6.012898
103.7,13,6.014113
103.1,19,6.015844
103.8,12,6.016969
103.3,16,6.018453
104.0,10,6.019379
103.9,11,6.020423
103.9,11,6.021437
103.3,17,6.023017
88.6,14,6.024453
103.5,15,6.02587
103.6,14,6.027168
103.9,11,6.028197
103.4,16,6.029662
103.7,13,6.030849
103.5,15,6.032277
104.0,10,6.033195
103.8,12,6.034318
88.6,14,6.035572
104.0,10,6.036615
103.3,17,6.038237
133.8,12,6.039358
104.0,10,6.040303
103.6,14,6.041601
103.6,14,6.042896
104.0,10,6.043832
103.4,16,6.045283
103.9,11,6.046298
104.0,10,6.047194
104.0,10,6.048105
103.4,16,6.049561
118.6,14,6.050843
103.8,12,6.051931
103.5,14,6.053311
103.4,15,6.054756
104.0,10,6.055692
103.6,15,6.057141
118.5,15,6.058547
118.8,12,6.059683
118.9,11,6.060792
103.9,11,6.061822
103.5,15,6.063219
103.4,16,6.064791
118.6,14,6.066151
118.9,11,6.067201
103.7,13,6.068438
103.9,11,6.069464
103.4,16,6.07095
118.7,13,6.072155
103.9,11,6.073169
103.6,14,6.074468
103.4,16,6.07593
103.9,11,6.076961
103.9,11,6.077973
103.7,13,6.079178
103.9,11,6.080199
103.9,11,6.081205
103.7,13,6.082423
103.8,12,6.083537
103.6,14,6.084818
103.9,11,6.085826
103.6,14,6.087195
103.9,11,6.088274
103.8,12,6.089429
103.8,12,6.09056
103.6,14,6.091832
103.5,15,6.093235
103.9,11,6.094241
103.4,16,6.095684
103.4,16,6.097134
118.4,16,6.09859
103.5,14,6.09989
103.7,13,6.101076
103.8,12,6.102168
103.5,15,6.10353
103.8,12,6.104621
103.5,15,6.105987
103.7,13,6.107181
103.9,11,6.108191
103.6,14,6.109472
103.8,12,6.110614
103.9,11,6.111625
118.7,13,6.112802
103.3,17,6.114339
103.7,14,6.11561
104.0,10,6.116523
104.0,10,6.117437
103.9,11,6.118438
103.4,16,6.119877
103.9,11,6.120877
104.0,10,6.12178
103.6,14,6.123055
103.7,14,6.124347
118.8,12,6.12544
103.7,13,6.126619
118.3,17,6.128155
103.8,12,6.129243
104.0,10,6.130164
103.8,12,6.131251
104.0,10,6.132164
104.0,10,6.133084
103.3,17,6.134617
103.9,11,6.135619
103.9,11,6.136621
103.3,17,6.138156
118.5,15,6.139513
103.9,11,6.140514
103.4,16,6.141957
103.9,11,6.142962
103.4,16,6.144411
104.0,10,6.145319
103.8,12,6.146406
103.9,12,6.14749
103.8,12,6.148582
118.8,12,6.149742
88.7,13,6.150949
103.7,13,6.152142
118.6,14,6.15341
104.0,10,6.154328
104.0,10,6.155232
103.8,12,6.156313
103.6,14,6.157565
104.0,10,6.354018
103.9,11,6.355061
103.9,11,6.356059
104.0,10,6.356966
104.0,10,6.357862
104.0,10,6.358759
103.5,15,6.360098
104.0,10,6.360997
103.8,12,6.362066
104.0,10,6.362971
103.2,18,6.364564
103.4,16,6.36598
118.9,11,6.36696
104.0,10,6.367851
118.8,12,6.368914
103.3,17,6.370421
104.0,10,6.371322
103.6,14,6.372576
103.7,13,6.373773
103.5,15,6.375299
103.8,12,6.376449
103.8,12,6.377575
103.9,11,6.378587
118.6,14,6.379875
103.9,11,6.380891
103.9,11,6.381884
103.4,16,6.383344
103.3,17,6.384888
103.8,12,6.385957
104.0,10,6.386888
118.8,12,6.387965
104.0,10,6.388897
103.8,12,6.389968
104.0,10,6.390904
88.6,14,6.392152
103.8,12,6.393242
103.9,11,6.394227
103.3,17,6.395759
104.0,10,6.396684
118.6,14,6.397952
133.5,15,6.399292
103.7,13,6.400512
118.9,11,6.401494
103.8,12,6.402578
103.7,13,6.403858
104.0,10,6.404808
103.7,13,6.405982
103.9,11,6.407012
103.8,12,6.408096
103.6,14,6.409376
103.9,11,6.41038
103.5,15,6.411736
118.8,12,6.41284
103.3,16,6.414267
118.6,14,6.415538
103.4,16,6.417
103.8,12,6.418077
104.0,10,6.419125
104.0,10,6.420117
103.7,13,6.421391
103.5,15,6.422836
103.4,17,6.424433
104.0,10,6.425361
103.3,17,6.427072
103.4,16,6.428634
118.7,13,6.429875
104.0,10,6.430827
118.3,17,6.432558
103.7,13,6.433878
103.9,11,6.434966
103.9,11,6.435993
103.7,13,6.437203
104.0,10,6.438105
103.5,15,6.439657
103.8,12,6.44084
103.6,14,6.442163
103.6,14,6.443478
103.8,12,6.44459
103.5,15,6.445977
103.9,11,6.446999
103.8,12,6.448092
103.8,12,6.44921
103.9,11,6.450243
88.0,20,6.45213
104.0,10,6.453067
103.8,12,6.454156
103.6,14,6.455457
103.4,16,6.456933
103.2,18,6.458588
103.9,11,6.459618
118.3,16,6.461061
103.9,11,6.462075
103.6,14,6.463365
103.5,15,6.464734
88.6,14,6.46601
118.5,15,6.467584
103.8,12,6.468714
104.0,10,6.469645
118.6,14,6.47092
103.9,11,6.472012
103.9,11,6.473047
104.0,10,6.474216
103.7,13,6.4755
103.6,14,6.476841
103.6,14,6.478142
103.5,15,6.479535
103.9,11,6.480556
118.8,12,6.481656
103.9,11,6.482684
104.0,10,6.48369
104.0,10,6.484628
103.8,12,6.485729
103.8,12,6.486831
118.4,16,6.488291
104.0,10,6.489207
118.9,11,6.490206
103.8,12,6.491302
104.0,10,6.492216
103.2,18,6.493882
104.0,10,6.494795
103.7,13,6.495973
88.6,14,6.497243
104.0,10,6.498152
103.5,15,6.499508
88.7,13,6.500694
104.0,10,6.501598
104.0,10,6.502505
103.6,14,6.50377
118.5,15,6.505123
103.7,13,6.506301
117.8,20,6.508098
104.0,10,6.50901
104.0,10,6.509913
118.9,11,6.510908
103.8,12,6.511993
103.7,13,6.513184
103.6,14,6.514446
103.9,11,6.515445
104.0,10,6.516353
103.9,11,6.517356
118.5,15,6.518706
104.0,10,6.519612
104.0,10,6.520516
104.0,10,6.521425
103.8,12,6.522515
104.0,10,6.523427
103.6,14,6.524693
103.2,18,6.526316
103.9,11,6.527313
104.0,10,6.528216
103.5,15,6.529571
104.0,10,6.530476
103.8,12,6.531566
103.2,17,6.533107
103.9,11,6.534102
103.8,12,6.535194
103.4,16,6.536641
103.8,12,6.537734
103.5,15,6.539091
103.8,12,6.540183
103.3,17,6.541725
103.3,17,6.740798
103.8,12,6.741965
103.8,12,6.743089
103.5,15,6.744494
103.5,15,6.745878
118.6,14,6.747173
104.0,10,6.7481
104.0,10,6.749028
103.8,12,6.750146
104.0,10,6.751076
103.8,12,6.752184
104.0,10,6.753114
103.6,14,6.754436
103.3,17,6.756203
103.9,11,6.757342
103.9,11,6.758376
104.0,10,6.759312
118.5,15,6.760874
103.8,12,6.762026
118.6,14,6.763354
103.8,12,6.764501
103.5,15,6.765888
103.7,13,6.767113
104.0,10,6.768279
103.9,11,6.769366
118.7,13,6.770587
104.0,10,6.771608
103.6,14,6.77297
88.6,14,6.774251
103.9,11,6.775298
88.7,13,6.776606
103.6,14,6.777925
118.8,12,6.779049
103.8,12,6.780256
104.0,10,6.781228
103.9,11,6.782254
104.0,10,6.783182
104.0,10,6.784111
103.9,11,6.785128
103.5,15,6.786467
104.0,10,6.787439
118.1,18,6.789229
103.8,12,6.790393
103.8,12,6.791562
103.7,13,6.792811
103.8,12,6.793957
103.4,15,6.795414
103.8,12,6.796556
104.0,10,6.797482
103.4,16,6.798954
104.0,10,6.800014
118.3,17,6.801685
103.7,13,6.802884
103.4,15,6.804283
118.1,19,6.80603
118.9,11,6.807124
103.5,15,6.808629
103.7,13,6.809858
103.6,14,6.811156
103.4,16,6.812786
104.0,10,6.813735
103.9,11,6.814761
103.9,11,6.815801
104.0,10,6.816755
104.0,10,6.817687
118.4,15,6.819076
103.9,11,6.82018
104.0,10,6.821148
118.5,15,6.822514
103.8,12,6.823704
103.9,11,6.824777
103.8,12,6.825903
103.8,12,6.827031
103.7,13,6.828267
103.5,15,6.829654
118.6,14,6.830947
103.7,13,6.832157
103.5,15,6.833561
104.0,10,6.834468
103.9,11,6.835482
103.9,11,6.836508
103.4,16,6.837965
103.8,12,6.839053
103.9,11,6.840097
103.9,11,6.841117
103.6,14,6.842396
103.6,14,6.843701
104.0,10,6.844639
104.0,10,6.845551
103.1,18,6.847178
103.9,11,6.848196
103.8,12,6.849316
103.9,11,6.850335
118.2,18,6.852067
104.0,10,6.853012
103.5,14,6.854307
104.0,10,6.855254
103.1,18,6.856899
103.7,13,6.858065
104.0,10,6.858955
118.8,12,6.860076
104.0,10,6.860969
103.8,12,6.862046
103.8,12,6.863118
103.6,14,6.864359
103.3,17,6.865868
103.9,11,6.866874
103.5,15,6.868208
103.9,11,6.869189
118.4,16,6.870602
104.0,10,6.871495
103.8,12,6.872571
88.7,13,6.873737
103.8,12,6.874804
103.9,11,6.875794
103.7,13,6.876966
104.0,10,6.877856
103.3,17,6.879367
103.8,12,6.880442
104.0,10,6.881332
103.8,12,6.88241
103.8,12,6.883483
104.0,10,6.88437
118.4,15,6.885702
104.0,10,6.886593
103.6,14,6.887836
103.8,12,6.888912
103.9,11,6.889888
103.8,12,6.890961
103.8,12,6.892031
103.9,11,6.893006
118.4,16,6.894419
103.9,11,6.8954
103.3,17,6.896899
104.0,10,6.897791
103.6,14,6.899036
103.6,14,6.900281
118.9,11,6.901253
103.9,11,6.902235
118.8,12,6.903295
103.6,14,6.904528
103.3,17,6.906026
103.4,16,6.907441
104.0,10,6.908339
104.0,10,6.909226
103.8,12,6.910299
103.4,16,6.911719
104.0,10,6.912607
104.0,10,6.913497
103.4,16,6.914905
103.6,14,6.916157
103.9,11,6.917126
103.7,13,6.918275
103.5,15,6.9196
104.0,10,6.920488
104.0,10,6.921378
103.7,13,6.922538
103.9,11,6.923516
132.9,21,6.925361
118.9,11,6.926339
103.4,16,6.927748
118.7,13,6.928903
118.5,15,7.126453
118.8,12,7.127617
103.4,16,7.129102
118.8,12,7.13022
118.6,14,7.131514
103.3,17,7.133065
103.9,11,7.134075
103.9,11,7.13508
103.1,19,7.136817
104.0,10,7.137731
103.6,14,7.139002
103.3,17,7.140568
103.3,17,7.142382
103.4,16,7.143948
103.9,11,7.144971
103.7,13,7.146183
118.7,14,7.147494
103.4,16,7.148983
103.8,12,7.15011
104.0,10,7.151137
103.3,16,7.152659
104.0,10,7.153595
118.0,19,7.155567
103.8,12,7.156778
104.0,10,7.157742
104.0,10,7.158728
103.8,13,7.159953
103.2,18,7.161619
103.8,12,7.162769
103.0,19,7.16453
88.7,13,7.165724
103.7,13,7.167113
103.9,11,7.168155
103.8,12,7.169283
104.0,10,7.170237
118.5,15,7.171638
88.6,14,7.172944
104.0,10,7.173875
104.0,10,7.174823
104.0,10,7.175771
103.8,12,7.176891
103.3,17,7.17852
103.7,13,7.17972
103.4,16,7.181209
118.0,19,7.182978
103.7,13,7.18419
103.5,15,7.18558
103.8,12,7.186784
103.7,13,7.188034
103.8,12,7.189151
103.8,12,7.190265
104.0,10,7.191313
103.7,13,7.192571
104.0,10,7.19351
104.0,10,7.194505
103.7,13,7.195779
103.6,14,7.197069
103.9,11,7.198087
103.3,17,7.199719
103.9,11,7.200778
103.8,12,7.201886
118.8,12,7.203021
118.7,13,7.204219
103.5,15,7.205591
104.0,10,7.206538
104.0,10,7.207468
103.6,15,7.208831
103.9,11,7.209855
103.7,13,7.211099
103.7,13,7.212298
103.8,12,7.213404
103.9,11,7.214444
133.8,12,7.215541
118.9,11,7.216691
104.0,10,7.217655
103.9,11,7.218688
103.9,11,7.219706
103.8,12,7.220829
88.6,14,7.222103
103.6,13,7.223295
88.6,14,7.224574
103.5,15,7.225922
118.4,16,7.227375
103.7,12,7.228461
104.0,10,7.229373
103.9,11,7.230374
103.9,11,7.231372
104.0,10,7.232272
104.0,10,7.233193
118.5,15,7.234659
103.2,17,7.236304
104.0,10,7.23726
103.6,14,7.238613
103.8,12,7.239777
88.1,19,7.241627
103.8,12,7.242753
104.0,10,7.243725
118.3,17,7.245283
103.8,12,7.246392
103.8,12,7.24749
104.0,10,7.248409
103.6,14,7.249688
104.0,10,7.250633
118.9,11,7.251636
103.9,11,7.252644
118.6,14,7.253922
103.5,15,7.255291
103.9,11,7.256294
103.9,11,7.257304
104.0,10,7.258224
103.5,15,7.259613
103.4,16,7.261062
104.0,10,7.26198
118.6,14,7.26325
103.6,14,7.264519
103.8,12,7.265612
118.9,11,7.266623
118.7,13,7.267803
104.0,10,7.268713
103.7,13,7.269899
104.0,10,7.27082
103.5,15,7.272181
104.0,10,7.273096
103.6,14,7.27436
103.8,12,7.275465
118.3,17,7.277002
118.6,14,7.278282
118.2,19,7.279987
103.4,16,7.281435
104.0,10,7.282353
103.3,17,7.283897
118.5,15,7.285267
118.7,13,7.286475
104.0,10,7.287395
103.9,11,7.288398
104.0,10,7.289313
118.8,12,7.290407
118.8,12,7.291493
103.7,13,7.292669
103.7,13,7.293847
103.9,11,7.294855
103.4,16,7.296302
104.0,10,7.297239
103.7,13,7.298443
104.0,10,7.299365
103.9,11,7.300366
103.9,11,7.301367
103.7,13,7.302559
103.5,15,7.303913
103.6,14,7.305181
104.0,10,7.306092
103.9,11,7.307098
103.8,12,7.308189
103.4,16,7.309635
133.5,15,7.31099
103.9,11,7.311988
103.8,12,7.313075
118.4,16,7.31453
104.0,10,7.315448
104.0,10,7.316363
104.0,10,7.512817
103.6,14,7.514187
103.9,11,7.515224
103.9,11,7.516255
104.0,10,7.517187
103.1,19,7.518923
103.3,17,7.520489
103.5,14,7.52178
103.9,11,7.522795
103.6,14,7.524084
103.4,16,7.525547
103.8,12,7.526644
104.0,10,7.527567
118.4,16,7.529035
118.8,12,7.530135
104.0,10,7.531056
103.9,11,7.53207
103.8,12,7.533205
103.9,11,7.534374
103.4,15,7.535821
103.8,12,7.536947
103.3,17,7.538594
104.0,10,7.539556
103.9,11,7.540597
103.3,16,7.54209
103.6,14,7.543383
103.2,18,7.545066
104.0,10,7.54601
103.8,12,7.54718
118.9,11,7.548219
104.0,10,7.549156
104.0,10,7.550469
104.0,10,7.551433
103.6,14,7.552822
103.7,13,7.554067
103.5,15,7.555644
118.4,16,7.557224
104.0,10,7.558271
103.2,17,7.559869
103.9,11,7.560908
118.9,11,7.561951
103.8,12,7.563065
118.4,16,7.564565
104.0,10,7.565494
103.3,17,7.567119
118.0,20,7.568981
103.6,14,7.570314
118.9,11,7.571339
102.9,20,7.573191
103.7,13,7.574435
133.4,16,7.575906
103.7,13,7.57714
118.8,12,7.578325
118.5,15,7.579749
104.0,10,7.580718
118.6,14,7.582012
118.9,11,7.583052
103.9,11,7.584065
118.8,12,7.585185
104.0,10,7.586111
104.0,10,7.587043
104.0,10,7.587963
103.7,13,7.589172
103.9,11,7.590202
103.4,16,7.59166
103.4,16,7.593121
103.7,13,7.594327
103.6,14,7.595621
133.3,16,7.597093
103.8,12,7.598222
103.7,13,7.599564
103.9,11,7.600618
103.9,11,7.601674
104.0,10,7.602635
103.7,13,7.603838
103.8,12,7.604958
103.6,14,7.606264
103.8,12,7.607378
118.9,11,7.608393
103.5,15,7.609766
103.6,14,7.611192
103.8,12,7.612332
103.1,19,7.614098
103.8,12,7.615238
103.6,14,7.61655
104.0,10,7.617472
103.8,12,7.618653
103.7,14,7.619986
104.0,10,7.620929
118.8,12,7.622048
103.8,13,7.623258
103.3,17,7.624819
104.0,10,7.62573
103.9,11,7.626778
118.3,18,7.628412
104.0,10,7.629329
118.7,13,7.630667
103.8,12,7.631841
104.0,10,7.632885
103.7,13,7.634195
104.0,10,7.635179
104.0,10,7.636097
103.5,15,7.637443
103.7,13,7.638616
103.2,18,7.64022
118.7,13,7.641393
103.4,16,7.642826
103.9,11,7.643845
103.8,12,7.644924
118.8,12,7.645996
103.8,12,7.647067
118.9,11,7.648048
103.7,13,7.649208
103.8,12,7.650308
103.2,18,7.651906
103.6,14,7.653153
103.5,15,7.654485
103.3,17,7.655992
103.3,17,7.657515
103.9,11,7.658497
104.0,10,7.659405
118.8,12,7.660507
104.0,10,7.6614
103.9,11,7.662381
104.0,10,7.663276
103.5,15,7.664615
104.0,10,7.665508
103.9,11,7.666511
103.8,12,7.667571
103.9,11,7.66855
103.6,14,7.669793
103.5,15,7.671138
103.6,14,7.672377
103.8,12,7.673438
103.9,11,7.674437
104.0,10,7.675324
103.6,14,7.676568
104.0,10,7.677458
104.0,10,7.678358
103.9,11,7.679342
103.5,15,7.680684
103.2,18,7.682275
103.4,16,7.683685
103.9,11,7.684663
103.9,11,7.685643
104.0,10,7.68654
103.9,11,7.687519
103.8,12,7.688586
104.0,10,7.689493
104.0,10,7.690392
104.0,10,7.691286
103.5,15,7.69262
104.0,10,7.693523
103.6,14,7.694763
103.4,16,7.696187
103.8,12,7.69726
103.3,17,7.698768
103.4,16,7.700193
118.9,11,7.701172
103.8,12,7.702242
118.8,12,7.89948
133.7,13,7.900717
118.7,14,7.902023
103.5,16,7.903493
103.6,14,7.904777
103.6,14,7.906062
103.8,12,7.907166
103.9,11,7.908176
118.7,13,7.909375
103.8,12,7.910476
104.0,10,7.911391
118.8,12,7.912487
103.9,11,7.913493
103.7,14,7.914813
103.6,13,7.91615
103.6,14,7.917515
103.8,12,7.918785
103.5,15,7.920226
103.7,13,7.921496
88.7,13,7.922712
103.1,19,7.92443
103.3,17,7.925958
104.0,10,7.926888
104.0,10,7.927797
103.9,11,7.928981
103.4,15,7.930458
103.6,14,7.931774
103.4,16,7.933353
118.9,11,7.934433
118.9,11,7.935481
118.2,18,7.937192
104.0,10,7.938123
103.8,12,7.939256
103.8,12,7.940375
103.6,14,7.941658
118.8,12,7.942794
118.4,16,7.944289
103.9,11,7.945313
104.0,10,7.946245
104.0,10,7.947178
103.9,11,7.948203
104.0,10,7.949139
103.9,11,7.950173
103.8,12,7.951307
104.0,10,7.952249
104.0,10,7.953174
104.0,10,7.954114
103.9,11,7.955125
103.8,12,7.956236
103.8,12,7.957384
118.9,11,7.958402
118.7,13,7.959601
104.0,10,7.960551
103.9,11,7.961556
118.9,11,7.96256
103.9,11,7.963597
103.6,14,7.964986
118.6,14,7.966401
103.7,13,7.967645
103.9,11,7.968747
104.0,10,7.969716
103.7,13,7.970971
104.0,10,7.971914
103.3,17,7.973491
103.6,14,7.974796
103.4,15,7.976171
103.6,14,7.977605
103.8,12,7.978751
118.7,13,7.979978
118.1,18,7.981765
104.0,10,7.982713
103.9,11,7.983753
103.1,18,7.985499
104.0,10,7.986469
103.5,15,7.987854
103.3,16,7.989341
104.0,10,7.990268
104.0,10,7.991197
103.9,11,7.99221
103.4,16,7.993702
118.8,12,7.994792
88.6,14,7.996065
104.0,10,7.996995
118.7,13,7.998178
103.4,16,7.999641
104.0,10,8.000599
103.8,12,8.001696
104.0,10,8.002623
118.9,11,8.00362
103.7,13,8.00482
104.0,10,8.005733
103.9,11,8.006757
104.0,10,8.007684
103.6,14,8.00899
133.4,17,8.010559
103.8,12,8.011672
103.8,12,8.012833
118.7,13,8.014011
103.9,11,8.015035
118.4,16,8.016592
104.0,10,8.017576
118.5,15,8.018951
118.4,16,8.020404
118.9,11,8.021393
103.5,16,8.022822
104.0,10,8.023769
103.2,18,8.02537
103.4,16,8.026802
104.0,10,8.027697
103.8,12,8.028762
103.5,15,8.030097
118.7,13,8.031253
103.7,13,8.032405
118.9,11,8.03341
103.9,11,8.034392
118.3,17,8.035896
103.6,14,8.037135
118.9,11,8.038113
118.7,13,8.039267
118.1,18,8.040859
104.0,10,8.041753
103.9,11,8.042745
103.6,14,8.044021
104.0,10,8.044914
103.6,14,8.04616
104.0,10,8.047049
103.7,13,8.048211
103.9,11,8.04919
103.4,16,8.050617
118.2,18,8.052216
103.9,11,8.053205
118.9,11,8.054184
118.9,11,8.055162
118.9,11,8.056144
103.8,12,8.057227
103.7,13,8.05838
118.9,11,8.059359
104.0,10,8.06025
118.8,12,8.061338
118.5,15,8.06267
118.8,12,8.063748
103.9,11,8.064736
104.0,10,8.065631
118.8,12,8.066701
103.5,15,8.068037
104.0,10,8.068921
103.8,12,8.069996
118.6,14,8.071232
118.9,11,8.072228
103.7,13,8.07339
103.5,15,8.074707
104.0,10,8.075598
104.0,10,8.07649
88.5,15,8.077812
103.9,11,8.078789
104.0,10,8.07968
118.7,13,8.08084
104.0,10,8.081728
118.4,16,8.083161
103.9,11,8.084137
103.6,14,8.085382
73.3,17,8.086883
103.9,11,8.283838
103.1,19,8.285713
103.3,17,8.287282
103.0,20,8.289131
103.6,14,8.290411
118.7,13,8.291617
104.0,10,8.292538
103.7,13,8.293727
104.0,10,8.294639
103.8,12,8.295735
118.7,13,8.296917
104.0,11,8.297915
103.9,11,8.298935
104.0,10,8.29988
104.0,10,8.300949
103.9,11,8.302028
118.9,11,8.303091
103.8,12,8.304208
103.6,14,8.305528
103.5,15,8.306906
118.8,12,8.308019
104.0,10,8.308965
103.8,12,8.310062
104.0,10,8.311022
103.8,12,8.312116
103.8,12,8.313235
103.8,12,8.314343
103.6,14,8.315641
103.7,13,8.317058
118.9,11,8.318089
104.0,10,8.319054
104.0,10,8.320005
104.0,10,8.321067
103.8,12,8.322243
118.6,14,8.323574
103.8,12,8.32473
103.7,13,8.325962
103.9,11,8.326987
103.6,14,8.328274
118.4,16,8.329717
118.3,17,8.331252
104.0,10,8.33215
103.8,12,8.333336
103.5,15,8.33478
103.3,18,8.336424
103.9,11,8.337426
103.8,12,8.338521
118.8,12,8.339608
103.6,14,8.341003
118.8,12,8.342144
118.5,14,8.34346
118.9,11,8.344505
103.7,13,8.345829
103.9,11,8.346899
104.0,10,8.347841
104.0,10,8.348881
103.8,12,8.350015
103.5,15,8.351428
103.2,17,8.353015
103.7,13,8.354187
103.7,13,8.355366
104.0,10,8.35626
103.6,13,8.357576
118.4,17,8.359205
104.0,10,8.360155
104.0,10,8.361125
103.2,17,8.362709
118.9,11,8.36371
118.7,13,8.364939
103.6,14,8.366255
104.0,10,8.367169
103.6,14,8.368432
103.9,11,8.369429
104.0,10,8.370328
118.9,11,8.371348
104.0,10,8.372237
104.0,10,8.373154
103.8,12,8.37423
118.3,17,8.375743
104.0,10,8.376678
103.9,11,8.377815
103.6,14,8.379147
104.0,10,8.380083
104.0,10,8.381019
104.0,10,8.381932
104.0,10,8.382856
118.1,18,8.384519
103.9,11,8.38554
118.8,12,8.386639
103.9,11,8.387646
103.6,14,8.388928
118.6,14,8.39021
103.7,13,8.391408
118.8,12,8.392497
118.8,12,8.393729
104.0,10,8.394676
103.6,14,8.395975
103.6,14,8.397264
103.4,16,8.398714
118.4,16,8.400293
118.7,13,8.40157
103.7,13,8.402801
103.9,11,8.403838
103.9,11,8.404852
118.7,13,8.406036
104.0,10,8.406963
103.9,11,8.407982
118.8,12,8.409066
103.6,14,8.410376
103.8,12,8.411465
104.0,10,8.412373
103.9,11,8.413374
104.0,10,8.414291
103.9,11,8.415296
103.9,11,8.416317
104.0,10,8.417242
104.0,10,8.41815
103.5,15,8.419512
103.9,11,8.420523
103.9,11,8.421529
103.8,12,8.422618
103.2,18,8.424252
104.0,10,8.425161
118.4,16,8.426652
104.0,10,8.427567
103.7,13,8.428739
103.6,14,8.430003
104.0,10,8.430911
118.7,13,8.432082
118.6,16,8.433535
103.9,11,8.43453
103.8,12,8.435611
104.0,10,8.436515
104.0,10,8.437414
103.6,14,8.438679
103.5,15,8.440033
104.0,10,8.440944
133.5,15,8.442296
103.6,14,8.443562
103.9,11,8.444556
118.5,15,8.445907
88.0,20,8.4477
118.2,16,8.449149
88.3,17,8.450684
103.9,11,8.451689
133.4,16,8.453128
104.0,10,8.454032
103.4,16,8.455474
103.9,11,8.456467
103.4,15,8.457821
103.7,13,8.459
103.8,12,8.460083
103.9,11,8.461078
103.7,13,8.462248
118.6,14,8.463513
104.0,10,8.464428
103.6,14,8.465695
104.0,10,8.466608
103.5,15,8.467976
103.4,16,8.469417
118.9,11,8.470417
118.5,15,8.471771
118.2,18,8.473382
103.6,14,8.670264
103.9,11,8.671333
104.0,10,8.672259
118.9,11,8.673276
103.5,15,8.674644
103.8,12,8.675744
118.9,11,8.676754
118.8,12,8.677852
103.8,12,8.678941
104.0,10,8.679856
103.9,11,8.680862
118.8,12,8.681952
103.7,13,8.683132
103.6,15,8.684491
104.0,10,8.685402
118.6,14,8.686664
103.5,15,8.688033
118.6,14,8.689464
103.6,14,8.690935
103.8,12,8.692108
103.6,14,8.693432
103.6,14,8.694903
103.4,16,8.696415
103.6,14,8.697761
118.9,11,8.698903
103.9,11,8.699963
118.6,14,8.701296
103.7,13,8.702522
118.3,17,8.704096
118.6,14,8.705393
118.3,17,8.707018
118.5,15,8.70839
118.4,16,8.709955
103.6,14,8.711331
104.0,10,8.712268
103.9,11,8.713271
118.7,13,8.714648
118.9,11,8.715756
103.7,13,8.717007
103.6,14,8.71839
104.0,10,8.719382
103.9,11,8.720411
104.0,10,8.721336
133.5,15,8.722774
103.9,12,8.723901
103.5,15,8.725281
103.9,11,8.726359
118.9,11,8.727367
103.9,11,8.728376
103.3,17,8.729948
103.5,15,8.73133
104.0,10,8.73224
118.8,12,8.733336
103.8,12,8.734579
118.9,11,8.735624
104.0,10,8.736574
118.9,11,8.737588
118.3,17,8.739295
103.9,11,8.740338
118.7,13,8.741557
103.5,16,8.743134
104.0,10,8.744087
118.5,15,8.745448
104.0,10,8.746371
103.6,14,8.747644
103.9,11,8.748635
118.9,11,8.749725
118.8,12,8.750951
103.7,13,8.752181
103.9,11,8.753194
118.7,13,8.75444
104.0,10,8.755397
103.7,13,8.75658
103.9,11,8.757604
103.9,11,8.758636
103.9,11,8.75967
118.6,15,8.761029
118.7,13,8.762328
103.5,15,8.763806
118.7,13,8.765027
118.7,13,8.76635
104.0,10,8.767319
118.9,11,8.768362
103.7,13,8.769563
103.5,15,8.770987
104.0,10,8.771921
103.7,13,8.773109
103.8,12,8.774263
103.9,11,8.77528
103.8,12,8.776404
133.6,14,8.777687
118.8,12,8.778782
103.6,14,8.780072
104.0,10,8.780976
88.7,13,8.78216
103.1,19,8.783908
103.6,14,8.785172
118.3,17,8.786783
118.5,15,8.788199
103.8,12,8.789347
104.0,10,8.790271
103.6,14,8.791523
103.8,12,8.792601
103.4,16,8.794049
118.9,11,8.795021
103.3,16,8.796461
103.9,11,8.797443
103.8,12,8.798509
103.3,16,8.799937
118.6,14,8.801192
103.9,11,8.802174
103.4,16,8.803727
118.8,12,8.804854
103.8,12,8.805965
118.7,13,8.807165
104.0,10,8.808092
103.9,11,8.809098
103.9,11,8.810131
103.9,11,8.811128
103.8,12,8.812221
103.7,13,8.813395
118.8,12,8.814485
103.9,11,8.815487
118.9,11,8.816487
118.9,11,8.817488
104.0,10,8.818395
103.3,17,8.819926
118.2,18,8.821541
103.9,11,8.822545
103.9,11,8.823544
103.8,12,8.824647
104.0,10,8.825557
103.3,17,8.827084
103.8,12,8.828178
103.9,11,8.829175
103.8,12,8.830256
104.0,10,8.831165
118.4,16,8.832613
133.6,14,8.833884
103.8,12,8.834966
118.5,15,8.836311
103.7,13,8.837485
103.8,12,8.838573
104.0,10,8.83948
103.6,14,8.840747
118.1,19,8.842453
104.0,10,8.843361
103.9,11,8.844355
103.0,18,8.845971
118.5,15,8.847322
118.8,12,8.848405
118.9,11,8.849396
104.0,10,8.850309
103.8,12,8.851398
104.0,10,8.852313
103.1,18,8.853924
118.9,11,8.854912
118.9,11,8.855902
103.9,11,8.856892
104.0,10,8.857793
103.2,18,8.859416
118.8,12,9.056153
103.8,12,9.057311
104.0,10,9.058242
104.0,10,9.05917
103.9,11,9.060187
103.9,11,9.061193
103.9,11,9.062207
103.8,12,9.063306
118.7,13,9.064601
103.7,13,9.065834
118.1,18,9.067465
118.7,13,9.068643
118.4,16,9.070083
103.3,17,9.071618
118.5,15,9.072961
103.8,12,9.074073
104.0,10,9.075126
103.8,12,9.07629
118.8,12,9.077517
103.7,13,9.078757
104.0,10,9.079737
104.0,10,9.080665
103.9,11,9.081694
104.0,10,9.082623
104.0,10,9.083559
104.0,10,9.084471
118.8,12,9.085594
103.3,17,9.087157
103.3,17,9.088697
133.8,12,9.089829
103.5,15,9.091288
118.8,12,9.092413
103.3,17,9.093989
103.7,13,9.09527
118.9,11,9.096362
103.7,13,9.097594
103.7,13,9.098796
103.4,16,9.100304
103.9,11,9.101324
103.8,12,9.102413
103.4,16,9.10388
104.0,10,9.104788
118.6,14,9.106065
104.0,10,9.10698
118.4,16,9.108438
104.0,10,9.109354
103.5,16,9.110848
103.6,14,9.112105
104.0,10,9.113033
103.8,12,9.11412
104.0,10,9.115047
103.9,11,9.116063
103.9,11,9.117057
104.0,10,9.117976
118.7,13,9.119173
103.8,12,9.120257
103.7,13,9.121441
104.0,10,9.122344
103.9,11,9.123368
118.5,15,9.124711
103.5,14,9.12598
104.0,10,9.126891
104.0,10,9.1278
118.9,11,9.128804
103.6,14,9.130059
104.0,10,9.130981
118.8,12,9.132208
118.8,12,9.133348
118.5,15,9.134738
103.9,11,9.135757
103.9,11,9.136749
104.0,10,9.137665
104.0,10,9.138578
118.3,17,9.140094
104.0,10,9.141021
118.8,12,9.142088
118.7,13,9.14329
104.0,10,9.144324
104.0,10,9.145238
118.7,13,9.146435
103.8,12,9.147535
103.8,12,9.14862
118.1,17,9.150191
118.9,11,9.15119
118.4,16,9.152779
103.6,14,9.154129
103.7,13,9.15536
118.4,16,9.156818
104.0,10,9.157768
103.7,13,9.158969
118.7,14,9.16043
118.4,16,9.161965
103.8,12,9.163121
118.6,14,9.16441
103.9,11,9.165446
118.6,14,9.16691
118.7,13,9.168127
103.2,18,9.169766
103.8,12,9.170844
103.8,12,9.171955
104.0,10,9.172858
104.0,10,9.173784
118.8,12,9.174882
88.7,13,9.176066
103.9,11,9.177072
103.8,12,9.178141
104.0,10,9.179033
103.8,12,9.180111
118.8,12,9.181191
118.9,11,9.182191
103.9,11,9.183195
104.0,10,9.1841
118.6,14,9.185345
103.2,17,9.186853
104.0,10,9.187746
103.6,14,9.189008
118.5,15,9.190352
118.8,13,9.191517
103.9,11,9.1925
103.9,11,9.193499
118.9,11,9.194481
118.6,14,9.195725
103.6,14,9.196964
103.9,11,9.197945
118.6,14,9.199205
103.8,12,9.200283
103.7,13,9.201442
103.8,13,9.202603
104.0,10,9.203503
103.7,13,9.204665
104.0,10,9.20556
118.7,13,9.20672
118.8,12,9.207807
103.9,11,9.208789
103.6,14,9.210034
118.8,12,9.211106
104.0,10,9.212008
104.0,10,9.212906
103.7,13,9.214063
133.7,13,9.215215
118.8,12,9.216299
104.0,10,9.217191
104.0,10,9.218087
104.0,10,9.218983
104.0,10,9.219876
103.5,15,9.221209
103.8,12,9.22228
103.9,11,9.22327
118.9,11,9.224257
133.4,17,9.225764
104.0,10,9.226666
118.8,12,9.22774
118.6,14,9.228993
103.7,13,9.230156
103.5,14,9.231411
104.0,10,9.232311
103.9,11,9.233305
118.7,13,9.234464
103.9,11,9.235448
104.0,10,9.236339
103.9,11,9.237319
104.0,10,9.238209
103.4,15,9.239542
103.7,13,9.240705
118.7,13,9.241865
103.5,15,9.243213
118.9,11,9.439795
103.8,12,9.440927
118.4,16,9.442374
118.6,14,9.443636
118.6,14,9.444892
118.6,15,9.446232
104.0,10,9.447129
118.7,13,9.44829
104.0,10,9.449189
118.8,12,9.450295
118.6,14,9.451764
103.9,11,9.45284
104.0,10,9.453809
103.2,16,9.455284
118.8,12,9.456562
104.0,10,9.457532
118.9,11,9.458592
104.0,10,9.459553
118.9,11,9.46056
103.7,13,9.461779
103.5,15,9.463161
118.7,13,9.464473
118.6,14,9.465809
118.5,15,9.467208
103.8,12,9.468323
118.5,15,9.469705
118.5,15,9.471066
103.8,13,9.472281
118.9,11,9.473288
118.5,15,9.474673
103.1,19,9.476419
103.8,12,9.477507
103.5,15,9.478863
133.8,13,9.480071
103.7,13,9.481252
104.0,10,9.482164
118.8,12,9.483277
103.7,13,9.484571
103.9,11,9.485599
103.9,11,9.486626
118.8,12,9.487738
103.5,15,9.489087
118.8,12,9.490182
118.7,13,9.49137
103.4,17,9.492995
104.0,10,9.493929
104.0,10,9.494846
104.0,10,9.495804
103.6,14,9.497079
118.7,13,9.498283
104.0,10,9.499351
133.8,12,9.500509
103.6,14,9.501823
103.8,12,9.502927
103.6,14,9.504339
118.9,11,9.50538
103.3,16,9.506858
118.4,16,9.508346
118.7,13,9.509526
104.0,10,9.510454
118.8,12,9.511542
103.6,14,9.512804
118.8,12,9.513885
104.0,10,9.514798
118.3,16,9.516287
103.7,13,9.517456
103.8,12,9.518554
118.8,12,9.519646
118.5,16,9.521079
118.8,12,9.522169
103.7,13,9.523346
133.2,18,9.525043
103.5,15,9.526403
104.0,10,9.52731
118.8,12,9.528417
118.5,15,9.529771
118.8,12,9.530844
118.7,13,9.532131
118.6,14,9.533528
118.7,13,9.534832
104.0,10,9.535868
118.9,12,9.537035
104.0,10,9.537984
118.6,14,9.539264
104.0,10,9.540303
118.5,15,9.541716
103.9,11,9.54275
103.7,13,9.54398
118.8,12,9.545055
103.8,12,9.546152
118.7,13,9.547322
118.9,11,9.548325
103.3,17,9.549852
118.9,11,9.550993
103.8,12,9.552136
104.0,10,9.553086
103.8,12,9.554186
103.5,15,9.555554
133.2,18,9.557183
118.8,12,9.558275
118.8,12,9.559368
118.2,18,9.560998
133.5,15,9.562354
133.6,14,9.563619
118.4,16,9.565066
103.9,11,9.566069
118.5,15,9.567449
118.5,15,9.568812
103.6,14,9.570086
118.9,11,9.571087
118.7,13,9.572263
118.7,13,9.573442
104.0,10,9.57436
104.0,10,9.575274
118.9,11,9.576273
133.3,17,9.577805
103.6,14,9.579076
118.7,13,9.58025
118.7,13,9.581425
104.0,10,9.582335
118.6,14,9.583605
88.3,18,9.585228
104.0,10,9.586139
103.9,11,9.587136
103.9,11,9.58813
103.8,12,9.589216
103.6,14,9.590484
103.3,17,9.592023
118.4,16,9.593465
118.4,16,9.594899
104.0,10,9.595804
103.5,15,9.597149
103.0,19,9.59885
103.4,16,9.600294
103.8,12,9.601378
103.9,11,9.602373
103.9,12,9.603461
118.1,19,9.605162
103.8,12,9.606257
103.8,12,9.607346
118.8,12,9.608426
118.5,16,9.609869
133.6,14,9.611134
103.9,11,9.612134
118.8,12,9.61322
118.3,17,9.614748
103.9,11,9.615759
118.8,12,9.616838
104.0,10,9.617749
118.8,12,9.618829
104.0,10,9.619734
104.0,10,9.620644
104.0,10,9.621548
103.6,14,9.622817
133.7,13,9.623993
118.7,13,9.625168
104.0,10,9.626077
118.3,17,9.627614
118.8,12,9.826707
103.9,11,9.827813
104.0,10,9.82875
118.5,15,9.830146
118.7,13,9.831345
104.0,10,9.832269
118.6,14,9.833546
118.9,11,9.834558
103.6,14,9.835851
118.8,12,9.837
103.8,12,9.838185
104.0,10,9.839113
118.5,15,9.840504
103.5,15,9.841875
104.0,10,9.842805
118.5,16,9.844272
118.5,15,9.845648
104.0,10,9.846571
104.0,10,9.847484
103.9,11,9.848528
104.0,10,9.84945
103.5,15,9.850827
103.9,11,9.851847
118.7,13,9.853031
118.7,13,9.854244
118.5,15,9.855603
104.0,10,9.856547
133.8,12,9.857652
118.8,12,9.858923
103.6,14,9.860276
104.0,10,9.861201
118.6,14,9.86248
103.2,17,9.864009
103.5,14,9.865262
104.0,10,9.866227
118.3,17,9.867754
118.9,11,9.868762
104.0,10,9.869673
118.8,12,9.87075
118.8,12,9.871839
103.9,11,9.872839
103.9,11,9.873905
103.6,14,9.87533
103.6,14,9.876671
103.1,19,9.878482
118.7,13,9.879705
104.0,10,9.880648
118.9,11,9.881669
88.3,17,9.883266
103.9,11,9.884317
118.3,17,9.885901
118.7,13,9.887101
103.7,13,9.888311
104.0,10,9.88923
104.0,10,9.890312
103.7,13,9.891642
103.9,11,9.892733
103.4,16,9.894273
104.0,10,9.895226
103.8,12,9.89637
104.0,10,9.897315
103.4,16,9.898841
118.4,16,9.900384
104.0,10,9.90132
104.0,10,9.902343
118.6,14,9.903662
104.0,10,9.904612
103.3,17,9.906151
118.8,12,9.907232
104.0,10,9.908134
104.0,10,9.909035
118.9,11,9.910071
104.0,10,9.910992
118.6,14,9.912265
103.1,19,9.913953
103.8,12,9.915032
118.5,15,9.916413
104.0,10,9.9173
103.8,12,9.918386
103.8,12,9.919454
104.0,10,9.920368
133.8,12,9.921442
104.0,10,9.922356
118.3,17,9.92389
104.0,10,9.924787
118.5,15,9.926126
118.7,13,9.927302
118.9,11,9.928273
133.8,12,9.929347
118.8,12,9.930428
103.8,12,9.931481
104.0,10,9.932387
118.9,11,9.933389
103.5,15,9.93475
118.8,12,9.93584
104.0,10,9.936761
118.4,16,9.938176
104.0,10,9.939071
118.6,14,9.940317
118.7,13,9.941476
118.4,16,9.94291
118.7,13,9.944075
103.9,11,9.945067
102.7,23,9.947097
103.4,16,9.948521
118.5,15,9.949865
103.4,16,9.951291
103.6,14,9.952539
104.0,10,9.953433
118.4,16,9.954851
118.9,11,9.955829
104.0,10,9.956723
103.9,11,9.957707
118.8,12,9.958777
103.8,12,9.959876
118.9,11,9.960855
103.9,11,9.961828
104.0,10,9.962717
118.9,11,9.963686
104.0,10,9.964578
118.6,14,9.965805
118.8,12,9.966871
103.9,11,9.967843
103.4,16,9.96925
118.0,20,9.971012
103.9,11,9.971984
103.8,12,9.973042
103.9,11,9.974022
104.0,10,9.974905
118.6,14,9.976137
133.8,12,9.977201
103.9,11,9.978171
104.0,10,9.979052
103.1,19,9.980721
103.9,11,9.981699
104.0,10,9.982588
118.5,15,9.983919
103.8,12,9.984976
118.8,12,9.986045
103.7,13,9.987185
118.4,16,9.988594
103.9,11,9.98957
88.5,15,9.990889
103.2,18,9.992469
118.9,11,9.993447
118.7,13,9.994592
118.8,12,9.995665
103.6,14,9.996898
103.8,12,9.99795
118.9,11,9.998926
118.8,12,9.999991
103.5,15,10.001314
103.8,12,10.002376
104.0,10,10.003264
104.0,10,10.004157
103.9,11,10.005131
103.5,15,10.006456
103.8,12,10.007521
103.6,15,10.008846
103.7,13,10.009996
103.9,11,10.010985
104.0,10,10.011877
118.9,11,10.012849
118.9,11,10.21096
118.8,12,10.212087
103.7,13,10.21329
103.5,15,10.214668
118.8,12,10.215771
118.7,13,10.216955
118.5,15,10.218325
118.3,17,10.219871
118.9,12,10.220973
118.8,12,10.222066
118.5,15,10.223429
118.7,13,10.224601
118.7,13,10.225787
104.0,10,10.226746
118.8,12,10.227895
118.5,15,10.229285
118.6,14,10.230572
118.9,11,10.231586
118.7,13,10.232909
104.0,10,10.23387
104.0,10,10.234794
118.6,14,10.236074
118.8,12,10.237154
103.8,12,10.238253
103.9,11,10.239246
118.6,14,10.240504
104.0,10,10.241416
103.8,12,10.242496
133.3,17,10.24403
118.4,16,10.24545
103.5,14,10.246702
103.6,14,10.247959
103.8,12,10.249036
118.8,12,10.250145
118.8,12,10.251215
118.6,14,10.252716
104.0,10,10.253707
104.0,10,10.254656
118.6,14,10.256001
103.8,12,10.257098
104.0,10,10.258026
104.0,10,10.258938
118.7,13,10.260162
118.6,14,10.261437
104.0,10,10.262356
104.0,10,10.263307
118.5,15,10.264683
118.9,11,10.265717
103.9,11,10.266747
133.8,12,10.26787
118.7,13,10.269054
104.0,10,10.270008
118.2,18,10.27165
118.4,15,10.273031
104.0,10,10.274005
103.8,12,10.275112
118.3,17,10.276676
118.9,11,10.277698
118.4,16,10.279143
133.3,17,10.280915
103.8,12,10.282094
118.5,15,10.283549
118.6,14,10.284848
118.3,17,10.286412
103.9,11,10.287425
118.9,11,10.288486
118.9,11,10.289486
104.0,10,10.290438
103.9,11,10.291455
118.7,13,10.292742
103.4,16,10.294258
103.5,15,10.295635
118.8,12,10.29677
103.3,16,10.29825
103.8,13,10.29945
118.9,11,10.300613
118.9,11,10.301672
118.7,13,10.302874
103.9,11,10.303903
104.0,10,10.304816
118.9,12,10.305923
118.5,15,10.307284
103.8,12,10.308476
118.9,11,10.309525
118.7,13,10.310743
118.8,12,10.311898
118.7,13,10.313112
118.6,14,10.31441
103.1,18,10.316058
104.0,10,10.316984
118.3,17,10.318547
118.9,11,10.319545
118.4,16,10.321196
118.9,11,10.322266
118.2,18,10.324009
118.3,17,10.325638
103.9,11,10.326729
103.9,11,10.327745
103.9,11,10.328757
118.5,15,10.330117
104.0,10,10.331025
118.9,11,10.332025
118.9,11,10.333044
118.7,13,10.334234
103.9,11,10.33523
103.5,15,10.336589
118.9,11,10.337586
118.5,15,10.338932
103.4,16,10.340378
104.0,10,10.34128
118.8,12,10.342363
103.7,13,10.34357
103.8,12,10.344663
118.7,13,10.345838
103.9,11,10.34683
118.7,13,10.348004
118.8,12,10.349093
118.7,13,10.350261
104.0,10,10.351164
118.7,13,10.352344
104.0,10,10.353256
118.5,15,10.354605
104.0,10,10.355511
118.9,11,10.356503
103.2,18,10.358128
103.7,13,10.359299
118.5,15,10.360647
103.9,11,10.361646
118.4,16,10.36309
133.5,15,10.364437
104.0,10,10.365344
118.7,13,10.366521
103.8,12,10.367613
103.9,11,10.368611
118.8,12,10.369694
118.8,12,10.370774
104.0,10,10.371684
118.5,15,10.373047
104.0,10,10.373957
118.4,16,10.375396
133.6,14,10.376654
103.8,12,10.37774
103.7,13,10.378918
103.8,12,10.380002
103.9,11,10.380996
103.9,11,10.381991
118.7,13,10.383171
118.8,12,10.384255
118.4,16,10.385687
118.7,13,10.386871
118.8,12,10.387954
103.6,14,10.389215
103.9,11,10.390214
103.9,11,10.391208
118.7,13,10.392387
104.0,10,10.393291
118.7,13,10.394457
118.7,14,10.39572
103.6,14,10.39699
103.8,12,10.39807
104.0,10,10.398988
118.7,13,10.595676
104.0,10,10.596637
118.0,19,10.598388
118.4,16,10.599863
104.0,10,10.600798
104.0,10,10.601723
118.7,13,10.602914
103.5,15,10.60429
118.4,16,10.605758
103.7,13,10.606961
103.8,12,10.608064
104.0,10,10.608998
104.0,10,10.609919
103.8,12,10.611055
104.0,10,10.612148
104.0,10,10.613119
104.0,10,10.614105
118.4,16,10.615564
118.9,11,10.616604
104.0,10,10.617521
118.7,13,10.618726
104.0,10,10.619654
118.9,11,10.620672
118.6,14,10.621954
103.9,11,10.622957
118.2,18,10.624593
103.8,12,10.625678
118.9,11,10.626682
103.7,13,10.627859
103.5,15,10.629213
118.5,15,10.630587
103.9,11,10.631591
118.9,11,10.632725
118.5,15,10.63419
103.9,11,10.635215
103.8,12,10.63634
104.0,10,10.637243
104.0,10,10.638169
104.0,10,10.639069
103.9,11,10.640132
118.6,14,10.641493
118.3,17,10.643086
103.6,14,10.644441
103.7,13,10.645653
104.0,10,10.646599
103.9,11,10.647624
118.8,12,10.648791
103.7,13,10.650023
118.2,18,10.651654
104.0,10,10.652573
118.8,12,10.653646
103.6,14,10.654917
118.8,12,10.656005
118.7,13,10.657184
118.3,17,10.658702
118.3,17,10.660308
103.9,11,10.661355
103.9,11,10.662413
118.6,14,10.66372
118.3,17,10.665315
118.8,12,10.666443
118.6,14,10.66776
118.8,12,10.668868
103.9,11,10.669885
118.5,15,10.671265
118.7,13,10.672485
118.8,12,10.673591
104.0,10,10.674527
103.8,12,10.675623
104.0,10,10.676641
104.0,10,10.677604
103.9,11,10.678613
118.3,17,10.680188
118.9,11,10.681229
118.7,13,10.682392
118.4,16,10.68387
104.0,10,10.684798
118.9,11,10.685799
103.7,13,10.686972
118.9,11,10.687974
118.9,11,10.688975
118.4,16,10.69043
118.4,16,10.691867
118.9,11,10.692975
103.8,12,10.694128
103.1,19,10.695887
104.0,10,10.696916
118.6,14,10.698248
104.0,10,10.699166
103.8,12,10.700362
118.3,17,10.701943
118.9,11,10.702957
118.7,13,10.704131
88.7,13,10.705291
103.7,13,10.70649
103.9,11,10.707471
103.4,16,10.708961
118.9,11,10.709963
103.6,14,10.711337
118.7,13,10.712583
133.1,19,10.714369
118.8,12,10.715467
103.9,11,10.716491
104.0,10,10.717425
104.0,10,10.718346
103.6,14,10.719626
103.7,13,10.720808
104.0,10,10.721718
104.0,10,10.722644
118.6,14,10.723917
103.4,16,10.725362
104.0,10,10.726295
104.0,10,10.727208
103.5,15,10.728569
104.0,10,10.729481
118.9,11,10.730487
103.7,13,10.731659
104.0,10,10.732572
118.1,18,10.734197
104.0,10,10.735109
103.6,14,10.736373
118.7,13,10.737554
104.0,10,10.738466
103.9,11,10.739466
118.6,14,10.740744
118.7,13,10.741928
103.8,12,10.743022
103.9,11,10.744024
103.8,12,10.745115
104.0,10,10.74603
118.3,17,10.74756
104.0,10,10.748478
103.8,12,10.749578
118.8,12,10.750667
118.7,13,10.751846
118.5,15,10.7532
118.5,15,10.754554
104.0,10,10.755466
118.7,13,10.756643
103.6,14,10.75791
103.7,13,10.759093
104.0,10,10.760006
118.7,13,10.761188
118.8,12,10.762276
118.8,12,10.763357
103.9,11,10.764356
118.5,15,10.765708
118.7,13,10.766895
104.0,10,10.767811
118.6,14,10.769079
118.8,12,10.770169
104.0,10,10.771094
104.0,10,10.772005
103.2,18,10.773634
103.7,13,10.774814
118.3,17,10.776346
118.7,13,10.777522
118.5,15,10.77889
103.4,16,10.780335
118.7,13,10.781511
118.9,11,10.782512
104.0,10,10.783432
118.9,11,10.979506
104.0,10,10.980452
118.9,11,10.981469
103.9,11,10.982477
118.8,12,10.983567
133.4,16,10.985011
118.5,15,10.986365
103.6,14,10.987638
118.8,12,10.988727
104.0,10,10.98963
118.7,13,10.990801
133.4,16,10.992235
104.0,10,10.993141
118.3,17,10.994661
104.0,10,10.995571
104.0,10,10.996483
118.6,14,10.997768
104.0,10,10.998822
103.9,11,10.999876
118.8,12,11.001027
118.8,12,11.002105
118.8,12,11.00338
103.8,12,11.004562
103.9,11,11.005614
104.0,10,11.006583
104.0,10,11.007503
118.7,13,11.00872
103.9,11,11.009731
118.4,16,11.011276
104.0,10,11.012226
118.3,17,11.013787
118.9,11,11.014831
118.4,16,11.016279
118.9,11,11.017288
118.3,17,11.018852
104.0,10,11.019752
104.0,10,11.020665
104.0,10,11.021557
118.7,13,11.022843
118.9,11,11.023889
118.1,19,11.025657
118.9,11,11.026724
118.9,11,11.027737
103.6,14,11.029019
104.0,10,11.029948
118.9,11,11.031044
118.8,12,11.03217
118.7,13,11.033397
118.8,12,11.034577
118.9,11,11.035622
118.6,14,11.036914
118.7,13,11.038105
118.9,11,11.039132
118.8,12,11.040227
104.0,10,11.041164
104.0,10,11.042082
104.0,10,11.043019
118.9,11,11.04402
103.7,13,11.045198
104.0,10,11.046115
118.6,14,11.047392
118.4,16,11.048841
118.8,12,11.049943
118.8,12,11.051114
118.4,16,11.052579
104.0,10,11.053481
104.0,10,11.054404
118.9,11,11.05539
118.6,14,11.056647
118.8,12,11.057725
104.0,10,11.058634
118.5,15,11.059978
118.7,13,11.06113
118.7,13,11.062294
118.8,12,11.063626
103.9,11,11.064689
118.6,14,11.066041
118.9,11,11.067218
103.8,12,11.068343
103.9,11,11.069381
118.8,12,11.070474
118.7,13,11.071654
104.0,10,11.072563
103.9,11,11.073576
118.2,18,11.075326
103.3,17,11.076893
118.8,12,11.078019
103.5,15,11.079407
104.0,10,11.080333
118.5,15,11.081703
104.0,10,11.082795
118.9,11,11.083899
118.4,16,11.085412
104.0,10,11.086351
118.8,12,11.087554
103.3,17,11.089141
104.0,10,11.09007
103.9,11,11.091114
118.7,13,11.092299
104.0,10,11.093225
103.6,14,11.094523
118.8,12,11.095634
103.9,11,11.096671
118.6,14,11.098143
104.0,10,11.099129
118.7,13,11.100364
118.8,12,11.101458
118.4,16,11.102907
103.6,14,11.104171
118.8,12,11.10526
118.6,14,11.106521
118.7,13,11.107718
103.6,14,11.108982
103.5,15,11.110395
103.7,13,11.111578
118.6,14,11.112845
118.3,17,11.114368
118.4,16,11.115819
118.1,19,11.117534
118.3,17,11.119072
104.0,10,11.119985
118.4,16,11.121429
118.7,13,11.122613
118.9,11,11.123617
118.9,11,11.124628
104.0,10,11.125552
104.0,10,11.126455
118.4,16,11.12791
103.9,11,11.128908
103.9,11,11.129908
104.0,10,11.13082
103.9,11,11.131821
104.0,10,11.132729
118.6,14,11.134
104.0,10,11.13491
104.0,10,11.135813
103.7,13,11.136991
118.9,11,11.13799
118.8,12,11.139076
118.4,16,11.14052
118.8,12,11.141606
118.2,18,11.143212
103.9,11,11.14421
104.0,10,11.145112
118.8,12,11.146199
133.8,12,11.147277
118.6,14,11.148543
118.8,12,11.149634
103.8,12,11.150716
118.7,13,11.151884
104.0,10,11.152791
118.3,17,11.154313
118.4,16,11.155748
118.5,15,11.157099
118.6,14,11.158367
118.6,14,11.15962
118.5,15,11.160965
118.5,15,11.162312
118.3,17,11.163839
118.5,15,11.165192
118.7,13,11.166369
133.6,14,11.167641
118.4,16,11.363578
118.7,13,11.364818
104.0,10,11.365754
118.8,12,11.366862
103.9,11,11.367868
118.8,12,11.368967
118.3,17,11.370518
103.9,11,11.37155
103.7,13,11.37274
118.7,13,11.373924
118.9,11,11.37493
133.7,13,11.376121
118.4,16,11.377706
103.9,11,11.37877
103.6,14,11.380092
118.9,11,11.381087
118.8,12,11.382182
118.8,12,11.383256
118.8,12,11.384354
118.6,14,11.385615
118.3,17,11.387133
133.8,12,11.388228
103.2,18,11.389857
118.7,13,11.391188
118.5,15,11.392608
104.0,10,11.393522
104.0,10,11.39445
118.7,13,11.395616
118.3,17,11.397155
103.5,15,11.398526
118.8,12,11.399614
103.5,15,11.400983
118.7,13,11.402166
118.4,16,11.403576
118.8,12,11.40467
133.8,12,11.405745
118.8,12,11.406845
118.9,11,11.407827
118.6,14,11.409086
104.0,10,11.410021
104.0,10,11.410935
118.9,11,11.411922
104.0,10,11.412838
118.8,12,11.41391
118.7,13,11.415109
118.4,16,11.416563
104.0,10,11.417482
103.9,11,11.418582
118.8,12,11.419718
118.6,14,11.421047
118.8,12,11.422186
104.0,10,11.423102
133.8,12,11.424239
118.6,14,11.425514
103.9,11,11.426551
118.8,12,11.427657
104.0,10,11.428579
118.6,14,11.429867
118.9,11,11.430882
103.8,12,11.432004
118.4,16,11.433485
104.0,10,11.43441
118.5,15,11.435779
104.0,10,11.436703
118.7,13,11.437891
103.3,18,11.439666
118.7,13,11.440893
104.0,10,11.441832
104.0,10,11.442731
118.9,11,11.443719
118.6,14,11.44499
103.7,13,11.44618
118.5,15,11.447706
104.0,10,11.448658
104.0,10,11.449624
118.7,13,11.450857
118.6,14,11.452145
104.0,10,11.453037
118.6,14,11.454314
118.6,14,11.455572
118.8,12,11.456656
103.9,11,11.457674
103.9,11,11.458678
103.9,11,11.459678
104.0,10,11.46058
118.8,12,11.461642
103.6,14,11.46291
118.7,13,11.464067
104.0,10,11.464983
133.8,12,11.466066
118.9,11,11.467178
118.6,15,11.468627
103.3,17,11.470216
118.9,11,11.471312
118.6,14,11.472616
118.3,17,11.474159
104.0,10,11.475154
118.9,11,11.476183
118.8,12,11.477298
118.5,15,11.478653
118.6,14,11.479913
118.8,12,11.480979
118.7,13,11.482128
104.0,10,11.483036
118.5,14,11.484284
118.8,12,11.485352
103.3,17,11.486853
118.9,11,11.487838
118.7,13,11.489011
118.5,15,11.490344
104.0,10,11.491241
118.8,12,11.492308
118.5,15,11.493634
118.5,15,11.494969
118.7,13,11.496114
103.9,11,11.497101
104.0,10,11.497986
118.9,11,11.498963
118.7,13,11.500121
118.5,15,11.501446
118.7,13,11.502595
103.7,13,11.503745
118.9,11,11.504717
118.7,13,11.505861
118.7,13,11.507025
103.9,11,11.508
118.8,12,11.509064
118.9,11,11.510033
118.4,16,11.511435
118.7,13,11.512576
118.7,13,11.513729
118.6,14,11.514958
104.0,10,11.515844
118.8,12,11.516917
104.0,10,11.517798
118.6,14,11.519028
133.7,13,11.52018
118.7,13,11.521324
103.9,11,11.522296
104.0,10,11.523182
104.0,10,11.524059
118.6,14,11.525284
104.0,10,11.526182
103.9,11,11.527153
104.0,10,11.528039
118.7,13,11.529186
118.7,13,11.530335
118.8,12,11.531396
104.0,10,11.532283
118.8,12,11.533351
133.2,18,11.534937
133.7,13,11.536084
103.2,18,11.537665
118.8,12,11.538726
118.9,11,11.539696
118.7,13,11.540845
118.9,11,11.541813
118.6,14,11.543051
118.6,14,11.544282
118.6,14,11.545519
118.3,17,11.547012
104.0,10,11.547896
103.4,16,11.746055
104.0,10,11.747032
118.5,15,11.748405
118.9,11,11.749406
118.8,12,11.750489
104.0,10,11.751389
104.0,10,11.752299
118.6,14,11.753558
118.8,12,11.754643
133.7,13,11.755809
118.6,14,11.757064
118.7,13,11.758225
118.6,14,11.759482
118.9,11,11.760468
104.0,10,11.761369
118.8,12,11.762449
118.6,14,11.763701
118.4,16,11.76515
133.8,12,11.766348
104.0,10,11.767313
118.8,12,11.768445
118.7,13,11.769644
118.9,11,11.770658
118.8,12,11.771754
118.6,14,11.773028
118.6,14,11.774299
118.4,16,11.77584
118.8,12,11.77696
118.4,16,11.7784
118.1,19,11.780106
103.8,12,11.781204
118.8,12,11.782404
118.9,11,11.783552
118.3,17,11.7852
118.3,17,11.786829
118.4,16,11.788322
118.8,12,11.789459
118.6,14,11.790824
118.7,13,11.792051
118.7,13,11.793268
104.0,10,11.794171
118.6,14,11.795661
103.9,11,11.796776
118.7,13,11.798012
103.6,14,11.799349
118.7,13,11.800582
118.8,12,11.801701
118.5,15,11.803116
118.6,14,11.804394
104.0,10,11.805341
118.8,12,11.806457
118.5,14,11.807783
103.7,13,11.808985
103.9,11,11.810007
104.0,10,11.810953
104.0,10,11.811871
103.6,14,11.813152
133.8,12,11.814245
118.9,11,11.815363
104.0,10,11.816346
104.0,10,11.817346
118.8,12,11.818472
118.8,12,11.819616
118.9,11,11.820644
103.8,12,11.821768
118.6,14,11.823086
104.0,10,11.824027
104.0,10,11.824963
118.8,12,11.826076
104.0,10,11.827023
104.0,10,11.827942
104.0,10,11.828875
103.7,13,11.830076
104.0,10,11.831094
118.7,13,11.832344
118.6,14,11.833685
104.0,10,11.834618
118.4,16,11.836222
118.8,12,11.837361
103.6,14,11.838671
103.9,11,11.839699
104.0,10,11.840659
118.8,12,11.841774
118.8,12,11.842907
118.7,13,11.844133
118.8,12,11.845241
103.6,14,11.846543
118.6,14,11.847844
118.8,12,11.848965
118.9,11,11.849997
118.8,12,11.851192
103.9,11,11.852232
118.5,15,11.853611
118.7,13,11.854831
118.9,11,11.85583
118.4,16,11.857286
118.8,12,11.858354
118.8,12,11.859484
118.8,12,11.860576
104.0,10,11.861472
117.9,21,11.86346
103.9,11,11.864519
118.2,18,11.866339
118.8,12,11.867478
103.9,11,11.868524
103.5,15,11.869902
118.9,11,11.870917
118.7,13,11.872105
118.8,12,11.873208
103.9,11,11.874244
118.7,13,11.875443
118.3,17,11.876995
118.9,11,11.878007
118.4,16,11.879478
118.4,16,11.880948
104.0,10,11.881862
118.9,11,11.882899
103.9,11,11.883959
118.7,13,11.88518
118.5,15,11.886555
118.8,12,11.887654
118.5,15,11.889025
118.8,12,11.890124
104.0,10,11.891059
118.9,11,11.892072
118.6,14,11.893359
118.8,12,11.894463
118.7,13,11.895644
118.4,16,11.897104
118.8,12,11.8982
103.9,11,11.899209
118.2,18,11.900856
104.0,10,11.90177
104.0,10,11.902685
118.8,12,11.903795
104.0,10,11.904708
118.4,16,11.906166
103.6,14,11.907448
118.3,17,11.908988
118.6,14,11.910258
118.8,12,11.911351
118.8,12,11.912444
103.7,13,11.913629
118.9,11,11.914629
118.5,15,11.915994
118.4,16,11.917432
118.8,12,11.918528
104.0,10,11.919444
118.7,14,11.920716
118.5,15,11.922074
118.5,15,11.923434
104.0,10,11.924344
118.3,17,11.925888
118.5,15,11.927249
103.8,12,11.92834
118.6,14,11.929608
118.6,14,11.930871
118.9,11,11.931876
118.8,12,11.932974
104.0,10,11.93389
104.0,10,11.934814
118.9,11,11.935818
118.6,14,12.135577
118.3,17,12.137229
118.9,11,12.13829
133.5,15,12.139696
104.0,10,12.140621
104.0,10,12.141546
104.0,10,12.142474
104.0,10,12.143406
104.0,10,12.144331
118.3,16,12.145796
118.2,18,12.147438
103.6,14,12.148721
104.0,10,12.149645
118.7,13,12.150839
103.8,12,12.151947
104.0,10,12.152897
133.8,12,12.154112
118.5,15,12.155592
118.9,11,12.15666
118.7,13,12.157898
118.9,11,12.158999
118.4,16,12.160491
118.2,18,12.162161
133.7,13,12.163357
118.6,14,12.164654
103.4,16,12.166263
104.0,10,12.167237
118.9,11,12.168276
118.7,13,12.169482
118.7,14,12.17078
104.0,10,12.17169
118.7,13,12.172859
118.7,13,12.174056
104.0,10,12.174959
103.1,19,12.176669
118.7,13,12.177863
103.9,11,12.17886
118.4,16,12.180297
118.9,11,12.181282
103.5,15,12.182644
104.0,10,12.183548
118.4,16,12.185007
118.4,16,12.186528
118.5,15,12.187935
118.5,15,12.189306
118.9,11,12.19032
118.8,12,12.191411
103.9,12,12.192512
118.0,20,12.19434
118.7,13,12.195511
118.5,15,12.196855
118.6,14,12.198209
118.3,17,12.199791
118.7,13,12.20099
118.1,19,12.20284
118.3,16,12.204394
118.7,13,12.205606
104.0,10,12.206559
104.0,10,12.207501
118.5,15,12.208891
118.7,13,12.210198
104.0,10,12.211133
118.9,11,12.21216
118.2,18,12.213819
118.7,13,12.215019
104.0,10,12.215941
118.8,12,12.217075
104.0,10,12.218082
118.9,11,12.219132
103.9,11,12.22015
118.8,12,12.221251
118.3,17,12.222809
118.8,12,12.223892
118.6,14,12.225137
118.8,12,12.226281
118.7,13,12.22753
118.6,14,12.228834
118.4,16,12.230327
118.8,12,12.231431
118.9,11,12.232456
118.9,11,12.233501
118.2,18,12.235234
104.0,10,12.236166
118.9,11,12.237168
104.0,10,12.238093
118.8,12,12.239169
118.3,17,12.240694
103.9,11,12.241706
104.0,10,12.24282
104.0,10,12.243806
103.9,11,12.244856
118.9,11,12.245912
133.8,12,12.247026
103.9,11,12.248047
118.9,11,12.249064
118.8,12,12.250235
118.9,11,12.251254
118.6,14,12.252672
104.0,10,12.253639
118.7,13,12.254855
118.1,19,12.256604
118.5,15,12.257987
118.6,14,12.259271
104.0,10,12.260196
104.0,10,12.261124
118.6,14,12.262396
104.0,10,12.263309
118.9,11,12.264323
103.9,11,12.265331
133.7,13,12.266536
118.4,16,12.268006
118.8,12,12.269101
104.0,10,12.270011
103.3,17,12.271561
118.6,14,12.272841
118.4,16,12.274304
133.8,12,12.275403
118.5,15,12.27678
104.0,10,12.277693
118.7,13,12.278875
118.9,11,12.279875
104.0,10,12.280791
118.4,16,12.282244
118.6,14,12.283522
133.7,13,12.28471
118.2,18,12.286341
104.0,10,12.287258
103.9,11,12.288262
104.0,10,12.28918
118.7,13,12.29039
118.4,16,12.291845
118.6,14,12.293119
118.6,14,12.294399
104.0,10,12.295311
118.8,12,12.29642
118.8,12,12.297523
118.9,11,12.298528
118.7,13,12.299727
118.8,12,12.30083
118.9,11,12.301859
104.0,10,12.302779
104.0,10,12.303702
118.4,16,12.305167
118.5,15,12.30653
118.5,15,12.307901
118.8,12,12.30899
118.9,11,12.309996
118.9,11,12.310999
118.8,12,12.312091
118.8,12,12.313183
118.7,13,12.314365
104.0,10,12.315284
118.6,14,12.316566
118.9,11,12.317568
118.2,18,12.319195
118.5,15,12.320561
118.5,15,12.321925
118.9,11,12.322932
103.6,14,12.324204
118.6,14,12.518583
118.8,12,12.519719
118.8,12,12.520815
118.9,11,12.521812
118.7,13,12.522985
118.6,14,12.524245
118.7,13,12.525419
118.5,15,12.526763
118.8,12,12.527843
118.8,12,12.528925
118.3,17,12.530445
118.7,13,12.531623
118.2,18,12.533217
104.0,10,12.534121
118.5,15,12.535501
118.6,14,12.536958
104.0,10,12.537959
104.0,10,12.538893
118.6,14,12.540195
104.0,10,12.541132
118.7,13,12.542346
118.4,16,12.543845
118.7,13,12.545049
118.5,15,12.546464
118.8,12,12.547568
104.0,10,12.548511
118.6,14,12.549808
118.8,12,12.550937
118.7,13,12.552142
118.9,11,12.553162
104.0,10,12.554101
118.4,16,12.555566
104.0,10,12.556519
118.7,13,12.557709
103.9,11,12.558729
118.8,12,12.559842
118.8,12,12.561119
133.8,12,12.562269
118.4,16,12.563788
133.7,13,12.565102
118.8,12,12.566232
104.0,10,12.567164
103.9,11,12.568225
118.3,17,12.569858
118.8,12,12.571012
118.9,11,12.572018
118.9,11,12.573174
118.8,12,12.574346
118.8,12,12.575452
118.8,12,12.576591
118.7,13,12.577771
118.9,11,12.578759
118.4,16,12.580207
104.0,10,12.581125
118.9,11,12.58213
118.8,12,12.583243
118.2,18,12.584874
104.0,10,12.585776
104.0,10,12.586699
118.4,16,12.588121
104.0,10,12.589067
103.5,15,12.590428
118.8,12,12.591497
103.6,14,12.592786
104.0,10,12.593687
118.6,14,12.594931
118.6,14,12.596227
103.7,13,12.59748
118.6,14,12.598797
103.9,11,12.59981
118.7,13,12.601153
118.5,15,12.602597
104.0,10,12.603536
118.5,15,12.604951
118.7,13,12.606154
104.0,10,12.607107
104.0,10,12.60804
118.7,13,12.609267
133.7,13,12.610499
118.9,11,12.611527
118.7,13,12.612736
118.9,11,12.613743
118.6,14,12.615037
118.4,16,12.616554
118.9,11,12.617585
118.9,11,12.618605
118.5,15,12.619961
118.5,15,12.621346
104.0,10,12.62227
118.5,15,12.623658
104.0,10,12.624592
104.0,10,12.625518
118.5,15,12.626914
118.7,13,12.62811
118.8,12,12.62928
103.3,17,12.630881
118.7,13,12.632131
118.4,16,12.633619
118.6,15,12.634994
118.7,13,12.63633
118.6,14,12.637707
104.0,10,12.638639
118.9,11,12.639652
104.0,10,12.64059
103.4,16,12.642064
118.7,13,12.643275
118.7,13,12.644458
118.7,13,12.645646
118.3,17,12.647192
118.8,12,12.648291
118.7,13,12.649491
118.9,11,12.65051
118.7,13,12.651701
118.7,13,12.652892
104.0,10,12.653813
118.8,12,12.654911
118.5,15,12.656274
104.0,10,12.657208
118.8,12,12.658304
104.0,10,12.659222
118.8,12,12.660361
104.0,10,12.661281
118.4,16,12.662731
118.6,14,12.66401
104.0,10,12.664922
118.9,11,12.665941
118.9,11,12.66695
118.4,16,12.668414
118.9,11,12.669417
118.7,13,12.670594
118.6,14,12.671867
104.0,10,12.672782
133.8,12,12.673896
118.8,12,12.674986
118.8,12,12.67608
118.7,13,12.677261
104.0,10,12.678179
118.8,12,12.679274
118.6,14,12.680549
104.0,10,12.681461
118.9,11,12.682462
118.7,13,12.683653
118.7,13,12.68484
118.6,14,12.686111
103.7,13,12.687286
118.0,19,12.689011
118.8,12,12.690107
103.7,13,12.691295
103.3,17,12.692843
118.3,16,12.694287
118.7,13,12.695467
103.9,11,12.696467
118.7,13,12.697652
118.4,16,12.699102
104.0,10,12.700018
104.0,10,12.700932
118.7,13,12.702113
118.8,12,12.703209
133.7,13,12.704391
104.0,10,12.705305
118.6,14,12.706588
118.7,13,12.70777
104.0,10,12.902682
104.0,10,12.903637
103.5,15,12.905009
104.0,10,12.905928
118.7,13,12.907104
118.7,13,12.908278
118.9,11,12.90927
118.7,13,12.910451
103.8,12,12.91153
118.7,13,12.912706
103.5,15,12.914053
118.6,14,12.915313
118.7,13,12.916486
118.8,12,12.917593
118.8,12,12.918808
104.0,10,12.919721
118.6,14,12.921014
118.3,17,12.922553
118.7,13,12.923888
118.8,12,12.925053
118.3,17,12.926698
103.6,14,12.928003
103.9,11,12.929043
118.7,13,12.930253
104.0,10,12.931225
118.3,17,12.932811
104.0,10,12.933761
118.5,15,12.93516
118.6,14,12.93646
104.0,10,12.937383
118.6,14,12.938685
104.0,10,12.939607
118.9,11,12.940641
118.8,12,12.941754
118.5,15,12.943178
118.8,12,12.944299
118.5,15,12.9457
118.5,15,12.947231
118.3,17,12.948868
117.9,20,12.950844
133.4,16,12.952355
133.2,18,12.95402
118.5,15,12.955542
118.3,17,12.957169
118.8,12,12.958313
133.7,13,12.959548
104.0,10,12.960472
118.6,14,12.961763
118.6,14,12.963168
118.2,18,12.964831
118.4,16,12.966428
104.0,10,12.967441
118.6,14,12.968762
118.6,14,12.970036
118.6,14,12.971356
118.3,17,12.972901
118.2,18,12.974537
133.7,13,12.975785
133.6,14,12.977054
104.0,10,12.977985
118.6,14,12.979314
104.0,10,12.980214
118.5,15,12.981578
118.9,11,12.982744
118.9,11,12.983812
118.9,11,12.984864
118.3,17,12.98643
118.6,15,12.987808
118.5,15,12.989207
104.0,10,12.990151
118.9,11,12.991175
104.0,10,12.992098
118.8,12,12.993225
118.8,12,12.994318
104.0,10,12.995259
118.6,14,12.996536
118.8,12,12.997659
118.8,12,12.998775
118.4,16,13.000246
118.8,12,13.001382
118.5,15,13.002768
118.7,13,13.003954
118.4,16,13.005437
118.7,13,13.006653
118.7,13,13.007925
104.0,10,13.008874
103.9,11,13.009916
118.7,13,13.011126
104.0,10,13.012027
118.4,16,13.013483
118.9,11,13.014492
103.9,11,13.015498
118.3,17,13.017047
118.7,13,13.018224
118.8,12,13.019312
118.7,13,13.020484
118.8,12,13.02155
104.0,10,13.022446
118.8,12,13.023517
118.8,12,13.024594
104.0,10,13.025483
104.0,10,13.026402
118.7,13,13.027567
118.8,12,13.028648
104.0,10,13.029538
118.8,12,13.030608
104.0,10,13.031502
118.6,14,13.032744
118.5,15,13.034108
118.7,13,13.035262
118.7,13,13.036415
104.0,10,13.037306
118.9,11,13.038286
118.9,11,13.039283
118.3,17,13.040806
103.9,11,13.041784
104.0,10,13.04269
118.7,13,13.04388
118.7,13,13.045052
104.0,10,13.045944
118.7,13,13.047096
118.9,11,13.048075
118.6,14,13.049316
118.5,15,13.050652
118.2,18,13.05225
133.3,17,13.053752
118.7,13,13.054901
104.0,10,13.055794
118.9,11,13.056773
118.4,16,13.058205
118.5,15,13.059533
103.6,14,13.060764
118.9,11,13.061738
104.0,10,13.062636
104.0,10,13.063533
118.4,16,13.064946
118.6,14,13.066192
104.0,10,13.067084
118.9,11,13.068063
118.9,11,13.069039
118.7,13,13.070191
104.0,10,13.071083
104.0,10,13.071983
118.4,16,13.073397
118.4,16,13.074812
104.0,10,13.075704
104.0,10,13.076592
118.3,17,13.078094
103.9,11,13.07907
118.6,14,13.080314
118.9,11,13.081287
104.0,10,13.082185
118.7,13,13.083345
118.3,17,13.084848
118.9,11,13.085824
118.7,13,13.08698
118.8,12,13.088059
118.7,13,13.089217
118.5,15,13.284008
118.8,12,13.285171
118.9,11,13.286198
118.8,12,13.28731
118.7,13,13.288492
103.9,11,13.289492
118.6,14,13.290762
118.8,12,13.291847
103.4,16,13.293291
104.0,10,13.294199
118.8,12,13.295288
104.0,10,13.296198
118.2,18,13.297813
103.9,11,13.298808
118.8,12,13.299893
104.0,10,13.300796
118.3,17,13.302318
103.8,12,13.303404
103.9,11,13.304425
118.7,13,13.305643
118.5,15,13.307015
118.7,13,13.308233
118.9,11,13.309236
118.9,11,13.310309
118.9,11,13.311326
104.0,10,13.312227
118.3,17,13.313778
118.5,15,13.315141
118.1,18,13.316778
104.0,10,13.317817
118.8,12,13.31909
118.8,12,13.320227
118.4,16,13.321713
104.0,10,13.322648
118.8,12,13.323762
118.8,12,13.324867
133.5,15,13.326327
104.0,10,13.327262
118.9,11,13.328279
118.8,12,13.329375
104.0,10,13.330424
118.9,11,13.331495
118.8,12,13.332592
118.2,18,13.334275
118.6,14,13.33558
104.0,10,13.336494
118.4,16,13.338055
118.2,18,13.339804
118.8,12,13.340956
118.4,16,13.342498
104.0,10,13.343442
104.0,10,13.344375
104.0,10,13.345294
118.9,11,13.346329
103.9,11,13.347342
118.5,15,13.348698
118.3,17,13.350294
104.0,10,13.351214
104.0,10,13.352127
118.7,13,13.3533
104.0,10,13.354238
118.4,16,13.355716
104.0,10,13.35662
118.8,12,13.357771
104.0,10,13.358686
118.6,14,13.35998
104.0,10,13.360879
118.4,16,13.36248
118.7,13,13.363729
104.0,10,13.364662
118.5,15,13.366259
118.2,18,13.367933
118.9,11,13.368936
118.7,13,13.370149
118.4,16,13.371623
118.6,14,13.372884
118.7,13,13.374081
118.9,11,13.375079
103.3,17,13.37666
118.7,13,13.377855
118.5,15,13.379229
118.9,11,13.380225
118.4,16,13.381669
104.0,10,13.382677
118.2,18,13.384408
118.7,13,13.385594
118.9,11,13.386633
104.0,10,13.387561
104.0,10,13.388468
118.7,13,13.389649
104.0,10,13.390593
118.9,11,13.391595
118.8,12,13.392689
118.8,12,13.393813
118.6,14,13.395106
118.5,15,13.396446
118.8,12,13.397516
118.6,14,13.3988
118.4,16,13.400279
118.8,12,13.401352
118.3,17,13.402901
118.3,17,13.404449
104.0,10,13.405354
118.5,15,13.406693
104.0,10,13.407592
118.9,11,13.408579
132.9,20,13.410408
103.9,11,13.411391
118.5,15,13.412729
118.4,16,13.414149
104.0,10,13.415042
104.0,10,13.415933
118.7,13,13.417137
118.5,15,13.418472
118.4,16,13.41989
118.8,12,13.420958
118.7,13,13.422117
133.8,12,13.423188
118.4,16,13.424617
118.8,12,13.425692
118.6,14,13.426974
118.5,15,13.428302
104.0,10,13.429205
104.0,10,13.430098
118.9,11,13.431073
118.6,14,13.43232
118.3,17,13.433828
118.7,13,13.434981
118.8,12,13.43605
104.0,10,13.436947
118.8,12,13.438018
118.5,15,13.439349
104.0,10,13.44025
118.5,15,13.441592
133.7,13,13.442755
118.9,11,13.443733
118.5,15,13.445061
118.9,11,13.446039
118.8,12,13.447107
104.0,10,13.448001
118.7,13,13.449155
118.5,15,13.450486
118.3,17,13.451991
118.2,18,13.453581
118.9,11,13.454568
104.0,10,13.455458
118.8,12,13.456531
118.7,13,13.457688
118.9,11,13.458677
118.3,17,13.460179
118.6,14,13.461435
104.0,10,13.462342
104.0,10,13.463231
104.0,10,13.464124
118.9,11,13.465101
118.2,18,13.466693
103.3,17,13.468206
118.5,15,13.469555
104.0,10,13.47045
118.8,12,13.667897
118.3,17,13.66952
118.8,12,13.670611
118.3,17,13.672146
118.3,17,13.67367
104.0,10,13.67458
118.6,14,13.675832
118.2,18,13.67743
104.0,10,13.67833
118.7,13,13.679493
118.8,12,13.680565
118.6,14,13.681817
104.0,10,13.682751
118.3,17,13.684336
103.9,11,13.685334
103.7,13,13.686537
118.9,11,13.687519
118.3,17,13.689062
118.6,14,13.690336
118.8,12,13.691409
118.6,14,13.692809
118.9,11,13.693852
118.9,11,13.694857
118.9,11,13.695863
104.0,10,13.696775
118.3,17,13.698309
104.0,10,13.699216
118.9,11,13.700483
104.0,10,13.701475
118.8,12,13.702631
118.2,18,13.704315
103.5,15,13.70569
118.3,17,13.707274
118.7,13,13.708489
118.6,14,13.709796
133.7,13,13.710999
118.9,11,13.712031
118.2,18,13.713661
103.9,11,13.714676
133.3,17,13.716442
118.7,13,13.717737
118.9,11,13.718783
118.6,14,13.720094
104.0,10,13.721021
118.8,12,13.722129
118.6,14,13.723406
118.9,11,13.724457
118.9,11,13.725453
118.7,13,13.726639
118.8,12,13.727746
104.0,10,13.728669
133.7,13,13.729861
118.8,12,13.730958
118.3,17,13.732518
118.9,11,13.733536
118.2,18,13.735183
104.0,10,13.736116
104.0,10,13.737068
118.7,13,13.738253
104.0,10,13.739164
118.6,14,13.740457
103.3,17,13.741986
118.9,11,13.743004
104.0,10,13.743951
118.6,14,13.745226
118.7,13,13.746426
118.6,14,13.747685
118.9,11,13.748709
118.2,18,13.75035
104.0,10,13.751277
118.6,14,13.752573
118.3,17,13.754109
118.8,12,13.755205
104.0,10,13.756125
104.0,10,13.757064
118.9,11,13.758053
104.0,10,13.758961
118.8,12,13.760084
104.0,10,13.761112
104.0,10,13.762057
104.0,10,13.762998
118.9,11,13.764035
104.0,10,13.764961
118.5,15,13.766366
118.4,16,13.767835
118.7,13,13.769047
104.0,10,13.769965
104.0,10,13.770901
118.4,16,13.772412
104.0,10,13.773331
118.9,11,13.774374
118.9,11,13.77538
118.9,11,13.776403
118.7,13,13.777612
118.8,12,13.778728
118.9,11,13.77973
104.0,10,13.780669
118.6,14,13.781947
104.0,10,13.783036
118.8,12,13.784196
103.9,11,13.78524
104.0,10,13.786145
104.0,10,13.787046
118.6,14,13.788307
118.7,13,13.789474
104.0,10,13.790384
104.0,10,13.791282
104.0,10,13.79218
104.0,10,13.793104
133.4,16,13.79453
118.5,15,13.795872
118.4,16,13.797289
104.0,10,13.798185
118.7,13,13.799344
133.8,12,13.800534
118.9,11,13.801565
118.5,15,13.802915
118.7,13,13.804091
118.4,16,13.805536
118.6,14,13.806797
118.8,12,13.807902
118.7,13,13.809076
118.9,11,13.810103
118.6,14,13.811375
118.8,12,13.812453
118.8,12,13.813536
133.8,12,13.814621
104.0,10,13.81553
118.4,16,13.81697
118.5,15,13.818301
118.9,11,13.819298
118.8,12,13.820395
103.3,17,13.821915
118.5,15,13.82326
133.7,13,13.824418
118.8,12,13.825495
118.6,14,13.826755
118.5,15,13.828099
118.6,14,13.829353
104.0,10,13.830254
118.9,11,13.831239
104.0,10,13.832143
118.3,17,13.833665
118.6,14,13.834921
104.0,10,13.835822
118.4,16,13.83725
118.2,18,13.838857
118.5,15,13.840214
118.7,13,13.841379
118.3,17,13.842898
103.8,12,13.843984
118.7,13,13.845153
118.9,11,13.84615
118.9,11,13.847145
118.9,11,13.848133
118.7,13,13.849299
103.5,15,13.850655
104.0,10,13.851555
118.8,12,13.852639
118.9,11,13.853625
118.7,13,13.854792
118.8,12,14.049296
118.6,14,14.050698
103.9,11,14.051726
118.7,13,14.052929
118.5,15,14.054314
104.0,10,14.055239
133.7,13,14.056441
118.7,13,14.057633
118.2,18,14.059276
118.8,13,14.060477
103.9,11,14.061485
118.9,11,14.06249
104.0,10,14.063409
104.0,10,14.064328
118.7,13,14.065516
104.0,10,14.066437
118.9,11,14.067442
118.6,14,14.068721
104.0,10,14.069654
118.2,18,14.071515
118.6,14,14.072875
118.9,11,14.074021
104.0,10,14.074985
118.6,14,14.07641
133.4,16,14.077899
104.0,10,14.078848
118.7,13,14.08026
118.8,12,14.081438
118.5,15,14.082971
118.7,13,14.084338
118.9,11,14.085383
104.0,10,14.086351
104.0,10,14.087286
118.8,12,14.088432
104.0,10,14.089363
118.7,13,14.090621
118.6,14,14.092004
118.5,15,14.093415
118.4,16,14.094874
118.4,16,14.096621
104.0,10,14.097601
118.6,14,14.098875
118.8,12,14.100096
118.4,16,14.101615
118.5,15,14.102986
118.9,11,14.104087
118.6,14,14.105423
104.0,10,14.106366
118.8,12,14.107501
118.6,14,14.108787
118.7,13,14.109992
104.0,10,14.11093
118.8,12,14.112067
118.4,16,14.113558
104.0,10,14.11448
118.9,11,14.115531
118.7,13,14.116722
118.3,17,14.118299
118.5,15,14.119753
118.7,13,14.12098
118.8,12,14.122133
104.0,10,14.123049
104.0,10,14.123982
118.8,12,14.125063
118.9,11,14.126079
118.9,11,14.127082
118.5,15,14.128535
104.0,10,14.129488
118.2,18,14.131133
118.9,11,14.132243
118.5,14,14.133583
118.6,14,14.134915
118.9,11,14.135943
118.2,18,14.137593
104.0,10,14.138526
118.7,13,14.139742
118.8,12,14.140852
118.8,12,14.141962
118.7,13,14.143185
118.8,12,14.144482
104.0,10,14.145437
118.5,15,14.146829
104.0,10,14.147754
104.0,10,14.148647
104.0,10,14.149608
118.7,13,14.150863
118.6,14,14.152174
118.5,15,14.153552
118.8,12,14.154667
104.0,10,14.155586
118.6,14,14.156952
118.8,12,14.158077
118.9,11,14.159058
133.2,18,14.160683
118.7,13,14.161835
118.3,17,14.163354
103.9,11,14.164349
118.4,16,14.165788
104.0,10,14.166718
118.7,13,14.16791
118.5,15,14.169234
103.7,13,14.170409
118.8,12,14.171487
118.8,12,14.172574
118.9,11,14.173552
118.6,14,14.174798
104.0,10,14.175681
118.5,15,14.177042
104.0,10,14.17793
118.7,13,14.179092
118.3,17,14.180586
118.5,15,14.181912
103.9,11,14.182898
104.0,10,14.183809
118.9,11,14.184787
118.9,11,14.185767
103.9,11,14.186752
104.0,10,14.18764
133.4,16,14.189036
118.9,11,14.190004
118.9,11,14.190988
104.0,10,14.191863
104.0,10,14.192757
104.0,10,14.193674
104.0,10,14.194553
103.9,11,14.195523
118.9,11,14.196498
118.7,14,14.197731
118.5,15,14.199049
103.9,11,14.200023
118.9,11,14.200992
118.9,11,14.20197
118.4,16,14.203378
118.9,11,14.204347
118.5,15,14.205671
118.3,17,14.207186
118.8,12,14.208253
118.3,17,14.209745
118.3,17,14.211234
118.7,13,14.212377
104.0,10,14.213257
118.5,15,14.214575
118.8,12,14.215628
118.6,14,14.216867
104.0,10,14.217744
118.5,15,14.21906
118.5,15,14.220378
133.3,17,14.221871
104.0,10,14.22276
104.0,10,14.223645
104.0,10,14.22453
118.5,15,14.225851
118.7,13,14.227003
104.0,10,14.227885
118.8,12,14.228946
118.5,15,14.230263
118.7,13,14.231409
104.0,10,14.232291
118.6,14,14.233526
118.6,14,14.234762
118.7,13,14.235908
104.0,10,14.236798
118.8,12,14.237857
118.5,15,14.432972
118.8,12,14.434087
118.9,11,14.435091
104.0,10,14.435992
104.0,10,14.436891
104.0,10,14.437791
118.9,11,14.438772
118.8,12,14.43985
118.9,11,14.440832
118.4,16,14.442258
118.5,15,14.443597
118.9,11,14.444575
118.8,12,14.445641
118.8,12,14.446714
118.5,15,14.448042
118.9,11,14.449024
104.0,10,14.449915
118.8,12,14.451007
118.9,11,14.452022
103.9,11,14.453056
118.8,12,14.454147
118.6,14,14.45542
118.5,15,14.456853
104.0,10,14.457894
104.0,10,14.458869
118.8,12,14.460028
118.5,15,14.461599
118.7,13,14.462873
118.4,16,14.464364
118.7,13,14.465586
104.0,10,14.466534
118.7,13,14.467751
118.7,13,14.468971
104.0,10,14.469886
118.7,13,14.471099
118.7,13,14.472294
104.0,10,14.473298
118.4,16,14.474779
104.0,10,14.475682
104.0,10,14.476618
118.5,15,14.477979
104.0,10,14.478886
118.8,12,14.479976
118.5,15,14.481331
118.8,12,14.482413
118.7,13,14.483619
118.9,11,14.484646
104.0,10,14.48563
148.4,16,14.487173
118.7,13,14.488381
118.7,13,14.489604
118.5,15,14.491023
118.1,19,14.492797
118.4,16,14.49425
104.0,10,14.495176
104.0,10,14.4961
104.0,10,14.497122
104.0,10,14.498073
118.7,13,14.499279
118.9,11,14.500327
104.0,10,14.501259
103.3,17,14.502835
104.0,10,14.503747
104.0,10,14.504704
118.3,17,14.506251
118.5,15,14.507651
118.9,11,14.508683
133.3,17,14.510266
103.8,12,14.511364
118.9,11,14.512398
118.8,12,14.513505
103.8,12,14.514621
118.7,13,14.515815
133.2,18,14.517556
104.0,10,14.518512
118.7,13,14.51968
104.0,10,14.5206
118.7,13,14.521757
118.8,12,14.522841
104.0,10,14.523741
118.5,15,14.525172
118.8,12,14.526331
118.3,17,14.527874
118.9,11,14.528909
118.7,13,14.530098
118.7,13,14.531313
118.8,12,14.532499
118.7,13,14.533739
104.0,10,14.534647
118.6,14,14.535908
104.0,10,14.53682
133.4,15,14.538159
118.7,13,14.539325
118.4,16,14.540764
104.0,10,14.541788
104.0,10,14.54276
104.0,10,14.543704
118.6,14,14.544998
118.9,11,14.546008
118.8,12,14.547128
118.7,13,14.548305
118.8,12,14.54941
104.0,10,14.550341
118.6,14,14.551853
104.0,10,14.552828
118.7,13,14.554069
118.8,12,14.555181
133.8,12,14.556276
118.6,14,14.55756
118.8,12,14.558645
104.0,10,14.559574
118.7,13,14.560749
118.6,14,14.562012
133.8,12,14.563095
133.7,13,14.564265
118.9,11,14.56526
118.3,17,14.566822
118.0,19,14.568539
118.8,12,14.569625
104.0,10,14.570534
118.8,12,14.571639
118.8,12,14.572725
118.7,13,14.573908
118.8,12,14.574994
118.9,11,14.575999
118.9,11,14.576987
118.3,17,14.578513
103.9,11,14.579517
104.0,10,14.580422
103.9,11,14.581417
118.8,12,14.5825
104.0,10,14.583408
118.6,14,14.584667
103.9,11,14.585665
118.8,12,14.58674
118.6,14,14.588001
118.4,16,14.589441
104.0,10,14.590358
103.9,11,14.591367
118.2,18,14.592983
118.5,15,14.594332
118.3,17,14.595854
118.8,12,14.596937
118.9,11,14.597932
104.0,10,14.598845
118.6,14,14.600106
104.0,10,14.601007
103.9,11,14.602004
118.8,12,14.603084
104.0,10,14.603988
118.4,16,14.605424
118.5,15,14.606773
118.9,11,14.607764
103.9,11,14.608751
118.7,13,14.609919
104.0,10,14.610823
133.4,16,14.612257
103.9,12,14.613352
118.8,12,14.614426
118.6,14,14.615673
104.0,10,14.616585
104.0,10,14.61749
118.7,13,14.618662
118.4,16,14.6201
133.1,20,14.815205
118.6,14,14.816478
118.7,13,14.817648
118.7,13,14.81882
118.9,11,14.81981
118.8,12,14.820887
118.2,18,14.822491
118.4,16,14.823922
104.0,10,14.824831
104.0,10,14.825739
118.8,12,14.826827
133.6,14,14.828076
118.6,14,14.829318
118.9,11,14.830325
118.9,11,14.831443
104.0,10,14.832417
104.0,10,14.833385
118.9,11,14.834404
118.9,11,14.835406
104.0,10,14.836339
118.7,13,14.837512
118.7,13,14.838681
104.0,10,14.8396
104.0,10,14.84056
118.7,13,14.841754
118.9,11,14.842746
118.6,14,14.844021
118.5,15,14.845355
118.6,14,14.846607
104.0,10,14.847515
118.2,18,14.849137
118.6,14,14.850423
103.9,11,14.851414
118.6,14,14.852672
118.6,14,14.853921
118.1,19,14.85561
118.3,17,14.857118
118.9,11,14.858107
118.7,13,14.859261
118.4,16,14.860897
118.7,13,14.862139
118.4,16,14.863676
118.8,12,14.8648
118.7,13,14.866087
133.4,17,14.867695
118.8,12,14.868806
103.9,11,14.869813
118.9,11,14.870811
104.0,10,14.871734
118.8,12,14.872824
104.0,10,14.873738
118.4,16,14.875192
118.8,12,14.876292
103.9,11,14.877283
118.5,15,14.878627
118.8,12,14.879738
118.8,12,14.881042
104.0,10,14.88201
118.9,11,14.883053
118.6,14,14.884548
103.9,11,14.885625
118.9,11,14.886645
118.9,11,14.887663
118.7,13,14.888932
118.7,13,14.890122
118.9,11,14.891126
118.3,17,14.892794
118.9,11,14.893821
118.7,13,14.894982
118.9,11,14.896009
118.9,11,14.897002
118.9,11,14.898012
104.0,10,14.898909
104.0,10,14.899935
118.6,14,14.901224
118.4,16,14.902689
118.9,11,14.903709
118.4,16,14.90514
118.7,13,14.906329
118.4,16,14.907772
104.0,10,14.908771
104.0,10,14.909739
103.9,11,14.910801
118.9,11,14.911843
118.5,15,14.913262
118.7,13,14.914448
118.7,13,14.915625
118.9,11,14.916641
118.9,11,14.917632
103.9,11,14.918646
118.1,19,14.920335
118.8,12,14.921402
103.9,11,14.922413
118.5,15,14.923758
118.7,13,14.925008
118.6,14,14.926304
118.8,12,14.927396
118.7,13,14.928578
118.1,19,14.930293
118.6,14,14.931587
118.8,12,14.932681
118.7,13,14.93387
118.5,15,14.935211
103.9,11,14.936189
104.0,10,14.93708
118.8,12,14.938139
118.6,14,14.939376
118.2,18,14.940976
118.9,11,14.941949
104.0,10,14.942859
103.2,18,14.944473
104.0,10,14.945364
104.0,10,14.946247
118.3,17,14.947738
118.6,14,14.948974
104.0,10,14.949865
118.8,12,14.950922
133.5,15,14.952242
118.6,14,14.953479
118.4,16,14.954885
118.3,17,14.956384
103.9,11,14.95737
103.8,12,14.958434
118.9,11,14.959407
118.2,18,14.960985
133.7,13,14.962133
118.3,17,14.963624
118.9,11,14.964601
118.7,13,14.96574
104.0,10,14.966629
118.8,12,14.967694
118.7,13,14.968841
118.6,14,14.970078
118.9,11,14.971065
103.5,15,14.972388
118.7,13,14.973535
118.8,12,14.974596
104.0,10,14.975481
118.7,13,14.976624
118.6,14,14.977856
118.7,13,14.979003
104.0,10,14.979888
118.3,17,14.981388
104.0,10,14.982277
118.4,16,14.983686
118.6,14,14.984926
118.9,11,14.985903
118.9,11,14.986878
133.6,14,14.988109
104.0,10,14.988989
118.6,14,14.990217
118.8,12,14.991278
118.7,13,14.99242
118.3,17,14.993907
133.7,13,14.995053
118.9,11,14.996018
104.0,10,14.996913
104.0,10,14.997818
104.0,10,14.998703
118.6,14,14.999942
104.0,10,15.199885
118.7,13,15.201123
118.7,13,15.202307
118.7,13,15.203485
118.7,13,15.204651
118.3,17,15.206167
104.0,10,15.207068
118.1,19,15.20876
103.1,19,15.210466
118.6,14,15.211715
118.4,16,15.213173
104.0,10,15.214293
104.0,10,15.215275
118.8,12,15.216485
118.7,13,15.217716
118.6,14,15.219242
118.9,11,15.22036
118.1,19,15.222147
104.0,10,15.223083
118.4,16,15.224581
118.8,12,15.225699
104.0,10,15.226631
118.8,12,15.227747
118.8,12,15.228855
103.4,16,15.230349
118.8,12,15.231449
118.4,16,15.232941
118.8,12,15.234139
104.0,10,15.235088
118.3,17,15.236643
118.3,17,15.23818
104.0,10,15.239081
118.3,17,15.240624
118.4,16,15.242091
118.7,13,15.243274
118.5,15,15.244618
118.9,11,15.245613
118.8,12,15.24681
104.0,10,15.247776
118.5,15,15.249156
104.0,10,15.250305
118.8,12,15.251514
118.5,15,15.252951
104.0,10,15.253976
133.7,13,15.255187
104.0,10,15.256124
118.9,11,15.257106
103.9,11,15.258192
118.7,13,15.259417
104.0,10,15.260353
118.6,14,15.261644
118.4,16,15.263137
118.2,18,15.264799
103.8,12,15.266006
103.9,11,15.267063
118.5,15,15.268429
118.7,13,15.269593
133.7,13,15.270893
118.6,14,15.272252
104.0,10,15.27319
104.0,10,15.27415
118.6,14,15.275443
104.0,10,15.276399
118.4,16,15.277917
118.7,13,15.279141
118.3,17,15.280684
118.2,18,15.282312
118.4,16,15.283766
118.9,11,15.284775
104.0,10,15.285688
118.4,16,15.28724
103.9,11,15.288282
118.8,12,15.289386
104.0,10,15.290426
118.7,13,15.291647
118.2,18,15.293343
118.4,16,15.294835
118.7,13,15.296064
118.4,16,15.297516
118.4,16,15.29899
118.9,11,15.300033
103.9,11,15.301046
104.0,10,15.302064
118.7,13,15.303299
118.6,14,15.304596
103.5,15,15.305975
118.6,14,15.307314
118.9,11,15.30832
104.0,10,15.309213
118.8,12,15.310338
118.4,16,15.311771
118.7,13,15.312963
118.6,14,15.314213
104.0,10,15.315124
133.5,15,15.316468
118.8,12,15.31755
133.5,15,15.318887
104.0,10,15.319778
118.5,15,15.321129
118.6,14,15.322371
118.9,11,15.323348
104.0,10,15.324249
118.6,14,15.325484
118.8,12,15.326569
118.6,14,15.327828
118.9,11,15.328806
104.0,10,15.329699
118.9,11,15.330668
118.8,12,15.331731
118.9,11,15.332715
118.7,13,15.333865
118.7,13,15.335011
104.0,10,15.335901
132.9,20,15.337658
118.7,13,15.338816
118.6,14,15.340051
118.7,13,15.341207
103.8,12,15.342269
118.7,13,15.343419
104.0,10,15.344306
103.7,13,15.345449
118.5,15,15.346769
118.5,15,15.348089
104.0,10,15.348986
118.5,15,15.350315
104.0,10,15.351202
104.0,10,15.352093
118.8,12,15.353151
104.0,10,15.354039
118.1,19,15.355704
118.6,14,15.356949
118.8,12,15.358022
103.4,16,15.359438
104.0,10,15.360328
104.0,10,15.361215
118.7,13,15.362376
118.6,14,15.363614
118.8,12,15.364684
118.3,17,15.366187
118.5,15,15.367514
104.0,10,15.368404
104.0,10,15.369284
118.8,12,15.370355
104.0,10,15.371253
133.8,12,15.372315
118.4,16,15.37372
103.9,11,15.37471
104.0,10,15.375596
133.8,12,15.376645
118.6,14,15.377874
104.0,10,15.378763
104.0,10,15.379651
104.0,10,15.380539
118.6,14,15.381772
104.0,10,15.38266
104.0,10,15.383542
104.0,10,15.384431
118.3,17,15.385927
118.7,13,15.38708
118.8,12,15.584257
118.6,14,15.585597
118.8,12,15.586717
104.0,10,15.587649
118.9,11,15.58867
118.9,11,15.589682
133.7,13,15.590878
118.5,15,15.592247
118.7,13,15.593441
118.9,11,15.594447
118.7,13,15.595636
118.7,13,15.596822
118.9,11,15.597826
118.8,12,15.598922
118.3,17,15.60048
104.0,10,15.601441
103.9,11,15.602501
104.0,10,15.603422
118.5,15,15.604837
118.4,16,15.60631
118.9,11,15.607466
118.6,14,15.608837
104.0,10,15.609861
118.6,14,15.611227
133.4,16,15.612735
104.0,10,15.613666
133.5,15,15.615086
118.2,18,15.616754
118.7,13,15.617972
104.0,10,15.618945
103.9,11,15.619956
118.8,12,15.621066
104.0,10,15.622002
118.4,16,15.623469
118.3,17,15.625023
118.8,12,15.626129
133.5,15,15.627506
103.9,11,15.628517
118.6,14,15.629809
118.5,15,15.631295
133.6,14,15.632613
104.0,10,15.633564
118.8,12,15.634688
104.0,10,15.635595
118.6,14,15.636893
118.7,13,15.638084
118.5,15,15.63944
118.6,14,15.640738
104.0,10,15.641643
118.8,12,15.642845
118.7,13,15.644077
118.7,13,15.645321
118.7,13,15.646545
104.0,10,15.647506
118.6,14,15.648794
103.9,11,15.649968
104.0,10,15.651004
118.3,17,15.65261
104.0,10,15.653514
104.0,10,15.65443
118.9,11,15.655428
103.9,11,15.656436
118.9,11,15.657437
118.5,15,15.6589
118.3,16,15.660426
118.8,12,15.661555
118.6,14,15.662968
118.1,19,15.664734
118.3,17,15.666301
104.0,10,15.667265
118.9,11,15.668277
118.9,11,15.669302
104.0,10,15.670238
118.7,13,15.671441
118.7,13,15.672651
104.0,10,15.673576
118.3,17,15.675146
118.7,13,15.676367
118.7,13,15.677576
118.6,14,15.678932
118.8,12,15.680061
104.0,10,15.680985
118.9,11,15.681974
104.0,10,15.682906
118.9,11,15.683889
118.9,11,15.684899
104.0,10,15.685822
118.4,16,15.687243
104.0,10,15.68816
118.9,11,15.68914
118.8,12,15.690201
118.7,13,15.691395
118.9,11,15.692387
118.4,16,15.693831
103.5,15,15.69519
104.0,10,15.696093
118.6,14,15.697342
118.9,11,15.698327
118.7,13,15.699526
104.0,10,15.700432
133.5,15,15.701964
118.7,13,15.703316
104.0,10,15.704309
104.0,10,15.70528
118.9,11,15.706342
118.3,17,15.707964
118.3,17,15.7096
118.6,14,15.710963
118.5,15,15.712417
118.7,13,15.713655
118.5,15,15.715079
104.0,10,15.71604
103.6,14,15.717392
118.8,12,15.718532
104.0,10,15.719487
118.9,11,15.72053
118.6,14,15.721865
103.5,15,15.723284
104.0,10,15.724234
118.2,18,15.725936
104.0,10,15.72689
118.7,13,15.728115
104.0,10,15.729063
104.0,10,15.730008
104.0,10,15.730952
118.6,14,15.73227
104.0,10,15.733221
104.0,10,15.734168
118.7,13,15.73541
118.9,11,15.736443
133.4,16,15.737944
118.3,17,15.739532
104.0,10,15.740492
118.4,16,15.741996
118.6,14,15.743318
104.0,10,15.744263
118.8,12,15.745392
104.0,10,15.746333
118.7,13,15.747562
104.0,10,15.748509
104.0,10,15.749477
118.7,13,15.750715
118.0,20,15.752535
118.6,14,15.753803
104.0,10,15.754728
103.5,15,15.756074
118.6,14,15.757328
118.2,18,15.758926
118.8,12,15.760002
118.9,11,15.760983
103.7,13,15.76214
104.0,10,15.763042
118.6,14,15.764286
104.0,10,15.765184
118.8,12,15.766257
118.7,13,15.767417
118.8,12,15.768488
118.8,12,15.769561
118.5,15,15.770894
104.0,10,15.771792
118.5,15,15.773133
118.6,14,15.774379
118.5,15,15.970184
118.7,13,15.971416
118.9,11,15.972443
118.9,11,15.973465
118.5,15,15.974843
118.8,12,15.975944
103.9,11,15.976961
104.0,10,15.977873
118.4,16,15.97933
118.7,13,15.980526
104.0,10,15.981442
118.5,15,15.982805
118.6,14,15.984079
118.4,16,15.985534
118.4,16,15.987038
118.4,16,15.988641
118.8,12,15.989855
118.4,16,15.991331
118.3,17,15.99291
118.7,13,15.994108
118.8,12,15.995207
118.4,16,15.996795
133.8,12,15.997931
118.8,12,15.999052
118.7,13,16.000544
118.7,13,16.001867
118.2,18,16.00363
104.0,10,16.004622
133.5,15,16.006053
118.9,11,16.007101
118.8,12,16.008284
118.7,13,16.009537
118.8,12,16.010701
118.8,12,16.011864
118.8,12,16.013009
104.0,10,16.013977
118.7,13,16.015195
118.9,11,16.016272
118.7,13,16.017485
104.0,10,16.018453
103.9,11,16.019477
104.0,10,16.020432
118.6,14,16.021733
118.8,12,16.022883
118.6,14,16.024295
118.6,14,16.025596
104.0,10,16.026514
118.5,15,16.027883
118.8,12,16.029156
118.8,12,16.030274
104.0,10,16.031197
88.7,13,16.032503
118.9,11,16.033599
118.7,13,16.034857
118.4,16,16.036411
118.5,15,16.037822
118.7,13,16.039043
118.6,14,16.04038
104.0,10,16.041317
104.0,10,16.042257
118.7,13,16.043488
103.9,11,16.044528
118.1,19,16.046293
118.8,12,16.047399
104.0,10,16.04845
118.8,12,16.049597
104.0,10,16.050554
118.7,13,16.051731
104.0,10,16.052662
104.0,10,16.053564
104.0,10,16.054493
103.5,15,16.055846
104.0,10,16.056758
104.0,10,16.057662
118.9,11,16.058664
104.0,10,16.059578
118.8,12,16.060688
104.0,10,16.061589
104.0,10,16.062513
118.2,18,16.064134
118.4,16,16.065585
118.5,15,16.066969
118.7,13,16.068153
118.9,11,16.069138
118.4,16,16.070611
118.5,15,16.071984
118.5,15,16.073343
118.9,11,16.074339
104.0,10,16.075237
103.9,11,16.076233
118.3,17,16.07789
104.0,10,16.078875
118.9,11,16.079889
118.9,11,16.081134
118.8,12,16.082295
103.3,17,16.083931
104.0,10,16.084925
118.8,12,16.08603
118.5,15,16.087412
118.4,16,16.088849
118.6,14,16.090101
118.8,12,16.091176
118.8,12,16.092247
118.7,13,16.09343
118.5,15,16.094788
118.7,13,16.095946
104.0,10,16.09684
118.3,17,16.098344
118.2,18,16.09995
104.0,10,16.100858
118.9,11,16.101838
118.5,15,16.103162
104.0,10,16.104058
118.5,15,16.105394
118.3,17,16.106893
118.4,16,16.108319
104.0,10,16.109216
118.8,12,16.1103
104.0,10,16.111201
104.0,10,16.112095
118.7,13,16.113255
118.4,16,16.114686
118.9,11,16.115669
118.5,15,16.11701
118.6,14,16.118251
118.7,13,16.119403
118.9,11,16.120383
118.6,14,16.121622
104.0,10,16.122517
118.9,11,16.123493
118.8,12,16.12458
104.0,10,16.125464
104.0,10,16.126362
104.0,10,16.127246
118.7,13,16.12839
104.0,10,16.129278
118.9,11,16.130246
118.4,16,16.131666
118.7,13,16.132821
118.7,13,16.133979
118.9,11,16.134965
118.7,13,16.136116
118.8,12,16.137178
104.0,10,16.138068
118.9,11,16.139053
118.6,14,16.140294
104.0,10,16.141183
118.2,18,16.142773
118.2,18,16.144364
118.4,16,16.145785
104.0,10,16.146678
118.6,14,16.14792
118.2,18,16.149515
118.5,15,16.15084
118.8,12,16.151909
104.0,10,16.152797
118.4,16,16.154208
118.9,11,16.155188
118.2,17,16.156694
118.5,15,16.15802
118.4,16,16.355518
104.0,10,16.356478
118.9,11,16.357516
118.6,14,16.358823
118.9,11,16.359852
104.0,10,16.360781
118.3,17,16.362343
103.9,11,16.36336
118.8,12,16.364473
104.0,10,16.365406
118.9,11,16.366444
118.5,15,16.367963
118.3,17,16.369595
133.4,16,16.37108
104.0,10,16.372037
118.6,14,16.373325
118.8,12,16.374441
118.9,11,16.375489
104.0,10,16.376424
118.9,11,16.377457
118.9,11,16.378482
118.8,12,16.379619
118.3,17,16.381175
104.0,10,16.382135
118.8,12,16.383276
118.9,11,16.3843
104.0,10,16.385238
118.4,16,16.38671
104.0,10,16.387755
118.6,14,16.389149
118.7,13,16.39044
118.9,11,16.391496
133.1,19,16.393367
118.0,20,16.395245
104.0,10,16.396184
118.9,11,16.397207
104.0,10,16.398141
118.5,15,16.399627
118.5,15,16.401044
118.8,12,16.402183
118.8,12,16.403278
118.8,12,16.404384
104.0,10,16.405294
118.5,15,16.406678
133.8,12,16.407794
118.5,15,16.409143
118.7,13,16.410314
104.0,10,16.411217
118.6,14,16.412525
118.4,16,16.413966
118.8,12,16.415077
118.7,13,16.416524
118.6,14,16.417873
118.7,13,16.419113
118.5,15,16.420602
104.0,10,16.421575
118.6,14,16.42302
118.9,11,16.424168
118.7,13,16.4254
118.6,14,16.426728
104.0,10,16.427693
104.0,10,16.428616
104.0,10,16.429568
118.9,11,16.430574
104.0,10,16.431514
104.0,10,16.432521
118.5,15,16.434001
118.7,13,16.435326
118.2,18,16.437046
118.8,12,16.438181
104.0,10,16.439108
104.0,10,16.440047
104.0,10,16.440982
118.7,13,16.442173
104.0,10,16.44311
118.8,12,16.444474
118.5,15,16.445981
104.0,10,16.446927
104.0,10,16.44789
118.9,11,16.448908
118.7,13,16.450147
104.0,10,16.451081
133.8,12,16.4522
118.7,13,16.453388
133.2,18,16.45504
118.9,11,16.456155
118.4,16,16.457652
118.5,15,16.459032
118.5,15,16.460424
104.0,10,16.461338
118.6,14,16.46263
118.8,12,16.463739
118.9,11,16.464742
118.8,12,16.465838
118.4,16,16.46738
118.3,17,16.46893
133.7,13,16.470107
118.8,12,16.471189
118.8,12,16.472273
104.0,10,16.473172
118.4,16,16.474623
118.7,13,16.475799
118.8,12,16.476912
118.6,14,16.478171
133.7,13,16.479347
118.4,16,16.480781
118.6,14,16.482042
118.8,12,16.483136
118.5,15,16.484491
118.1,19,16.486187
118.8,12,16.487268
118.9,11,16.488256
118.8,12,16.489336
118.4,16,16.490776
118.9,11,16.491773
104.0,10,16.492684
118.9,11,16.493717
118.3,17,16.495239
104.0,10,16.496149
118.4,16,16.497588
118.8,12,16.498663
118.7,13,16.499834
118.8,12,16.500912
118.7,13,16.502079
118.8,12,16.503154
118.8,12,16.504232
118.8,12,16.505312
104.0,10,16.506221
103.9,11,16.507224
118.8,12,16.508301
118.7,13,16.509465
118.4,16,16.510893
104.0,10,16.511802
118.9,11,16.512787
118.3,17,16.514309
118.9,11,16.515299
118.6,14,16.516558
118.8,12,16.517634
118.5,15,16.518976
118.9,11,16.519973
104.0,10,16.520865
118.2,18,16.522462
118.5,15,16.52381
104.0,10,16.524713
104.0,10,16.525613
118.5,15,16.526954
118.6,14,16.528201
104.0,10,16.529098
118.3,17,16.530623
104.0,10,16.531529
118.7,13,16.532707
118.8,12,16.533793
118.3,17,16.535313
104.0,10,16.536217
118.4,16,16.537645
118.9,11,16.538644
118.5,15,16.539994
104.0,11,16.540991
118.8,12,16.542071
118.6,14,16.543342
118.5,15,16.739302
118.9,11,16.740392
118.8,12,16.741489
118.9,11,16.742489
104.0,10,16.743413
118.8,12,16.744497
118.9,11,16.745497
118.6,14,16.746758
118.8,12,16.747842
104.0,10,16.748742
104.0,10,16.749646
118.4,16,16.751073
118.6,14,16.752317
104.0,10,16.753211
118.9,11,16.75419
118.3,17,16.755703
118.5,15,16.757042
118.8,12,16.75811
133.5,15,16.759448
118.6,14,16.760706
118.8,12,16.761813
118.8,12,16.762929
118.4,16,16.764376
103.9,11,16.765391
104.0,10,16.766294
118.3,17,16.767835
118.9,11,16.76883
104.0,10,16.769741
118.8,12,16.770849
118.9,11,16.771843
118.9,11,16.772855
104.0,10,16.77375
118.8,12,16.774849
118.6,14,16.776093
104.0,10,16.777009
118.6,14,16.778254
118.7,13,16.779637
118.9,11,16.780722
118.5,15,16.782156
118.9,11,16.783433
118.5,15,16.784871
118.5,15,16.786233
118.4,16,16.787696
118.7,13,16.788901
118.7,13,16.790071
118.8,12,16.791187
118.5,15,16.792542
118.9,11,16.793536
118.8,12,16.794633
104.0,10,16.79555
118.8,12,16.796644
118.7,13,16.797826
118.5,15,16.799202
133.7,13,16.800377
118.7,13,16.801563
118.7,13,16.802738
118.7,13,16.803906
118.6,14,16.805171
118.8,12,16.806242
118.4,16,16.807704
118.1,19,16.8094
118.6,14,16.810665
118.5,15,16.812223
118.8,12,16.813373
104.0,10,16.814324
103.7,13,16.815557
118.4,16,16.817157
118.7,13,16.818414
118.7,13,16.819624
104.0,10,16.820559
133.7,13,16.821764
118.9,11,16.822786
104.0,10,16.823714
118.6,14,16.824989
103.9,11,16.82599
118.8,12,16.827123
118.8,12,16.828217
118.8,12,16.82931
118.8,12,16.830406
104.0,10,16.831344
104.0,10,16.832249
118.9,11,16.833275
118.5,15,16.834659
118.9,11,16.835768
103.8,12,16.836905
104.0,10,16.837831
118.8,12,16.838976
118.4,16,16.840529
104.0,10,16.841464
118.9,11,16.842472
118.8,12,16.843601
118.4,16,16.845058
104.0,10,16.845987
118.8,12,16.847142
118.8,12,16.848276
118.7,13,16.849542
118.9,11,16.850567
104.0,10,16.851493
118.4,15,16.85286
118.3,17,16.854404
104.0,10,16.855335
118.6,14,16.856599
118.9,11,16.857608
104.0,10,16.858525
118.8,12,16.859654
118.9,11,16.860669
118.5,15,16.862129
118.1,19,16.863911
118.8,12,16.865
133.6,14,16.866276
118.3,17,16.867805
118.9,11,16.868791
118.1,19,16.870497
118.6,14,16.871758
118.6,14,16.873018
118.7,13,16.874199
104.0,10,16.875096
133.7,13,16.876272
104.0,10,16.877209
118.1,19,16.878912
104.0,10,16.879816
118.5,15,16.881157
118.7,13,16.882332
118.9,11,16.883318
118.6,14,16.88457
118.9,11,16.885556
104.0,10,16.886462
118.6,14,16.887719
104.0,10,16.888622
118.5,15,16.889963
118.8,12,16.891038
118.5,15,16.892378
104.0,10,16.893277
118.8,12,16.89435
104.0,10,16.89525
118.7,13,16.896414
133.5,15,16.897749
118.6,14,16.899005
118.8,12,16.900083
104.0,10,16.900985
118.9,11,16.901971
118.9,11,16.902961
104.0,10,16.903859
118.7,13,16.905015
103.2,18,16.906614
103.6,14,16.907865
104.0,10,16.908761
104.0,10,16.909665
118.9,11,16.910649
118.7,13,16.911812
118.8,12,16.912884
118.6,14,16.914129
118.7,13,16.915288
118.9,11,16.916283
118.6,14,16.917527
103.9,11,16.918516
118.4,16,16.919938
118.8,12,16.921016
104.0,10,16.921919
104.0,10,16.922823
103.4,16,16.924246
118.7,13,16.92541
118.6,14,16.926656
118.8,12,17.121208
118.8,12,17.122323
118.3,17,17.12386
103.9,11,17.124862
118.8,12,17.125944
118.6,14,17.127201
104.0,10,17.128103
118.6,14,17.129355
118.2,18,17.13096
118.2,18,17.132553
118.4,16,17.133982
118.7,13,17.135147
118.3,17,17.136659
104.0,10,17.137554
104.0,10,17.138448
118.6,14,17.139688
118.3,17,17.141193
118.3,17,17.142695
118.6,14,17.143972
118.1,19,17.145854
104.0,10,17.146809
104.0,10,17.147771
118.4,16,17.149247
104.0,10,17.150196
104.0,10,17.151108
118.7,13,17.152313
104.0,10,17.153247
118.1,19,17.154974
118.3,17,17.156521
118.8,12,17.157637
104.0,10,17.15855
118.8,12,17.159662
118.9,11,17.16066
118.7,13,17.161949
118.9,11,17.162976
118.8,12,17.164082
118.8,12,17.165166
118.5,15,17.166546
118.4,16,17.168008
118.4,16,17.169452
118.5,15,17.170794
104.0,10,17.171724
103.9,11,17.172705
118.4,16,17.174146
118.8,12,17.175224
118.9,11,17.17623
118.8,12,17.177318
118.8,12,17.178385
118.3,17,17.179913
118.5,15,17.181253
118.8,12,17.18235
104.0,10,17.183248
104.0,10,17.184164
118.6,14,17.185432
118.5,15,17.186765
118.6,14,17.188026
118.5,15,17.189354
118.8,12,17.190441
118.6,14,17.191706
118.9,11,17.192684
118.6,14,17.194082
118.7,13,17.195305
118.2,18,17.196962
118.7,13,17.198157
118.8,12,17.199246
118.6,14,17.200542
103.9,11,17.201558
103.9,11,17.202548
118.7,13,17.20374
104.0,10,17.204639
104.0,10,17.205571
104.0,10,17.20647
118.5,15,17.207847
104.0,10,17.20875
118.7,13,17.210096
118.6,14,17.211455
118.8,12,17.21258
133.4,16,17.214073
118.9,11,17.215104
103.6,14,17.216401
118.5,15,17.217878
104.0,10,17.218804
118.3,17,17.220352
103.9,11,17.221362
118.9,11,17.222505
118.8,12,17.223664
118.6,14,17.225011
118.8,12,17.226234
118.8,12,17.227349
118.8,12,17.228415
118.7,13,17.229619
133.2,18,17.231271
104.0,10,17.232276
118.6,14,17.233702
118.8,12,17.234892
118.5,15,17.23635
118.8,12,17.237468
118.7,13,17.238809
133.4,16,17.240324
104.0,10,17.241296
118.2,18,17.243167
118.7,13,17.244394
103.9,11,17.245597
118.4,16,17.247207
118.9,11,17.248268
118.7,13,17.249484
118.5,15,17.250979
118.9,11,17.252012
118.4,16,17.253507
118.8,12,17.254625
118.9,11,17.255658
118.7,13,17.256863
104.0,10,17.257883
104.0,10,17.258822
118.3,16,17.260296
103.9,11,17.261307
118.2,18,17.262941
118.8,12,17.26404
118.9,11,17.265051
118.8,12,17.266143
118.3,17,17.2677
118.9,11,17.268714
118.4,16,17.270172
104.0,10,17.271083
118.6,14,17.272351
118.8,12,17.273445
118.5,15,17.274854
118.8,12,17.275951
104.0,10,17.276867
118.8,12,17.277959
118.3,17,17.2795
104.0,10,17.280423
118.4,16,17.281871
118.5,15,17.283231
104.0,10,17.284149
118.8,12,17.285238
118.8,12,17.286326
118.9,11,17.287328
118.7,13,17.288508
104.0,10,17.289424
133.7,13,17.290605
104.0,10,17.291522
118.9,11,17.292525
118.7,13,17.293712
118.9,11,17.294716
118.6,14,17.295988
118.6,14,17.297258
104.0,10,17.298173
118.5,15,17.299532
118.8,12,17.300618
104.0,10,17.301534
118.5,15,17.302894
118.5,15,17.30425
103.9,11,17.305248
118.8,12,17.306333
118.8,12,17.307427
118.6,14,17.3087
104.0,10,17.309615
118.7,13,17.520643
118.6,14,17.522024
118.9,11,17.523087
118.5,15,17.524533
118.4,16,17.526183
118.6,14,17.527535
118.7,13,17.528746
118.4,16,17.530244
104.0,10,17.531172
104.0,10,17.532126
118.4,16,17.533617
118.5,15,17.534986
118.9,11,17.536143
118.9,11,17.537203
118.6,14,17.53849
104.0,10,17.539431
104.0,10,17.540339
118.9,11,17.541337
118.9,11,17.54233
104.0,10,17.54325
118.9,11,17.544281
133.7,13,17.545447
118.7,13,17.546628
118.8,12,17.54786
118.8,12,17.548999
118.6,14,17.550317
118.8,12,17.551417
118.6,14,17.552677
118.5,14,17.55396
118.8,12,17.555034
104.0,10,17.555955
118.5,15,17.557309
118.4,16,17.558735
118.6,14,17.560166
118.8,12,17.561301
118.5,15,17.562691
104.0,10,17.563646
118.8,12,17.564745
104.0,10,17.565685
118.9,11,17.566724
133.8,12,17.567866
133.1,19,17.569613
118.7,13,17.5708
104.0,10,17.571807
118.5,15,17.573222
118.6,14,17.574582
118.8,12,17.575745
118.7,13,17.576963
118.7,13,17.578151
133.4,16,17.579724
103.9,11,17.580777
104.0,10,17.58169
118.7,13,17.582905
103.5,15,17.584289
104.0,10,17.585185
104.0,10,17.586108
104.0,10,17.58701
104.0,10,17.587944
104.0,10,17.588852
104.0,10,17.589764
118.5,14,17.59101
118.5,15,17.592493
104.0,10,17.593437
118.9,11,17.594453
118.8,12,17.595592
118.9,11,17.596603
118.8,12,17.597706
104.0,10,17.598604
118.5,15,17.60012
118.5,15,17.601523
118.6,14,17.60282
118.9,11,17.60387
118.4,16,17.605326
118.6,14,17.606625
104.0,10,17.607587
118.7,13,17.608837
133.5,15,17.610251
104.0,10,17.611176
104.0,10,17.612132
118.7,13,17.613323
118.6,14,17.614598
133.5,15,17.616008
118.8,12,17.617094
118.0,19,17.618833
118.6,14,17.620109
118.8,12,17.621193
118.3,17,17.62278
118.7,13,17.623969
104.0,10,17.624887
118.6,14,17.626145
118.5,16,17.627582
118.5,15,17.628946
133.4,16,17.630378
118.8,12,17.631457
118.8,12,17.632546
104.0,10,17.633466
118.8,12,17.634552
104.0,10,17.635458
118.7,13,17.636625
103.9,11,17.637616
118.2,18,17.639234
118.3,17,17.640773
118.8,12,17.641856
118.6,14,17.643132
118.7,13,17.644312
104.0,10,17.645225
104.0,10,17.646127
104.0,10,17.647028
118.9,11,17.648021
118.8,12,17.649091
118.6,14,17.650351
118.9,11,17.651338
118.8,12,17.652423
104.0,10,17.653324
118.9,11,17.65431
118.8,12,17.655389
104.0,10,17.656289
118.8,12,17.657379
104.0,10,17.658286
118.3,17,17.65983
118.4,16,17.661258
104.0,10,17.662161
118.5,15,17.663504
118.6,14,17.664757
118.4,16,17.666193
118.7,13,17.66736
104.0,10,17.668261
104.0,10,17.669159
118.6,14,17.670414
118.9,11,17.671404
104.0,10,17.672312
104.0,10,17.67321
118.5,15,17.67455
118.7,13,17.675717
104.0,10,17.67661
118.8,12,17.677685
118.6,14,17.678943
104.0,10,17.679839
118.8,12,17.680912
103.9,11,17.681898
118.8,12,17.682986
118.6,14,17.68424
118.9,11,17.685231
118.5,15,17.68657
118.8,12,17.687653
118.5,15,17.688991
103.9,11,17.689982
118.2,18,17.691594
118.6,14,17.692847
104.0,10,17.693743
118.8,12,17.694815
118.7,13,17.695995
118.7,13,17.697161
118.8,12,17.698246
118.9,11,17.699236
118.8,12,17.700322
104.0,10,17.701223
104.0,10,17.702127
118.8,12,17.703207
104.0,10,17.704107
118.7,13,17.705271
104.0,10,17.706167
133.3,17,17.707697
118.4,16,17.903664
103.9,11,17.904681
118.6,14,17.905947
118.9,11,17.906935
118.7,13,17.908097
104.0,10,17.908996
118.6,14,17.910234
118.9,11,17.911218
118.5,15,17.912545
118.6,14,17.913783
118.9,11,17.914762
118.6,14,17.915994
118.6,14,17.917239
118.8,12,17.918302
118.6,14,17.919537
118.8,12,17.920609
118.4,16,17.922066
118.8,12,17.923291
118.4,16,17.924978
133.3,17,17.926596
118.4,16,17.928094
118.6,14,17.929376
118.8,12,17.930478
118.7,13,17.931755
118.4,16,17.933278
118.6,14,17.934579
103.7,13,17.935784
104.0,10,17.936714
104.0,10,17.937621
118.4,16,17.939086
104.0,10,17.94002
104.0,10,17.940932
118.7,13,17.94214
104.0,10,17.943062
118.7,13,17.944257
118.3,17,17.94578
118.8,12,17.946883
118.4,16,17.948423
118.8,12,17.949522
118.2,18,17.951231
118.5,15,17.952624
118.9,11,17.953619
118.4,16,17.955089
118.9,11,17.956109
118.6,14,17.957392
104.0,10,17.958302
118.5,15,17.959673
103.5,15,17.961019
118.9,11,17.962019
118.2,18,17.963671
104.0,10,17.964597
118.9,11,17.965588
118.7,13,17.966919
133.7,13,17.96816
118.3,17,17.96971
118.8,12,17.970856
118.4,16,17.972317
118.5,15,17.973667
118.9,11,17.974673
118.4,16,17.976158
118.4,16,17.977627
118.4,16,17.979133
104.0,10,17.980073
118.5,15,17.981441
118.8,12,17.982529
118.9,11,17.983547
104.0,10,17.984472
118.2,18,17.98607
118.9,11,17.987075
133.7,13,17.988255
118.4,16,17.989686
118.9,12,17.990775
104.0,10,17.99168
118.9,11,17.992708
133.7,13,17.993868
118.8,12,17.995016
118.5,15,17.996469
118.8,12,17.997576
118.6,14,17.998922
118.6,14,18.000278
104.0,10,18.00121
118.9,11,18.002203
118.7,13,18.003444
118.4,16,18.00491
118.5,15,18.006242
104.0,10,18.007245
118.9,11,18.008285
118.5,15,18.009685
103.3,17,18.011243
104.0,10,18.012188
118.2,17,18.013727
104.0,10,18.014633
104.0,10,18.015601
118.9,11,18.01672
133.7,13,18.017905
118.6,14,18.019196
118.6,14,18.020487
104.0,10,18.021424
118.4,16,18.022883
104.0,10,18.023809
118.8,12,18.024896
118.7,13,18.026082
118.3,17,18.027611
118.9,11,18.028596
118.8,12,18.029666
118.7,13,18.030846
103.9,11,18.031842
118.5,15,18.033194
118.9,11,18.034188
118.9,11,18.035173
118.9,11,18.036163
118.9,11,18.037151
118.4,16,18.038583
104.0,10,18.03948
118.7,13,18.040656
118.7,13,18.041821
118.4,16,18.043283
118.6,14,18.044555
104.0,10,18.045461
118.4,16,18.046897
104.0,10,18.047794
118.4,16,18.04922
118.4,16,18.050647
133.8,12,18.051724
104.0,10,18.052628
118.5,15,18.053969
118.9,11,18.054961
118.9,11,18.055947
103.9,11,18.05694
118.7,13,18.058111
118.9,11,18.059099
118.9,11,18.060084
104.0,10,18.06098
103.9,11,18.06196
118.5,15,18.063302
118.6,14,18.064555
118.8,12,18.065642
104.0,10,18.066543
118.7,13,18.067705
118.8,12,18.068788
104.0,10,18.069687
118.8,12,18.070763
104.0,10,18.071662
118.8,12,18.072732
118.4,16,18.074168
118.6,14,18.075426
118.4,16,18.07686
104.0,10,18.077767
118.4,16,18.079194
103.9,11,18.08018
118.5,15,18.081521
118.4,16,18.082957
104.0,10,18.083863
118.6,14,18.085116
118.3,17,18.086637
118.4,17,18.088172
103.9,11,18.089159
118.9,11,18.284655
118.6,14,18.28598
118.7,13,18.287164
118.5,15,18.288519
104.0,10,18.289427
118.7,13,18.2906
118.7,13,18.291781
118.4,16,18.293225
103.9,11,18.294221
118.5,15,18.295568
118.7,13,18.296732
118.9,11,18.297725
118.8,12,18.298808
118.7,13,18.299976
104.0,10,18.300873
118.8,12,18.301988
118.5,15,18.303371
118.9,11,18.304365
118.8,12,18.305612
118.9,11,18.306668
118.7,13,18.307925
118.9,11,18.30895
118.7,13,18.310173
118.7,13,18.311458
118.3,17,18.313085
118.5,15,18.314447
118.6,13,18.315658
118.9,11,18.316662
103.9,11,18.31767
118.9,11,18.318659
118.8,12,18.31985
104.0,10,18.320784
118.6,14,18.322068
118.7,13,18.323257
118.7,13,18.324439
118.9,11,18.325425
118.6,14,18.326703
118.1,19,18.328425
104.0,10,18.329357
118.7,13,18.330523
133.2,18,18.332161
133.5,15,18.33354
118.8,12,18.334628
117.9,21,18.336516
118.7,13,18.337712
118.4,16,18.339149
118.5,15,18.340547
104.0,10,18.341462
118.9,11,18.342441
118.8,12,18.343627
118.9,11,18.344658
118.8,12,18.345757
118.2,18,18.347468
104.0,10,18.348585
133.7,13,18.349829
104.0,10,18.350774
104.0,10,18.351796
104.0,10,18.352731
104.0,10,18.353659
118.6,14,18.354907
103.9,11,18.35593
118.9,11,18.356919
118.7,13,18.358102
104.0,10,18.359011
118.6,14,18.36031
118.9,11,18.361295
118.8,12,18.362377
118.9,11,18.363447
118.8,12,18.36456
118.7,13,18.365772
103.9,11,18.366788
104.0,10,18.367732
104.0,10,18.368629
118.4,16,18.370071
118.6,14,18.371335
118.6,14,18.372729
118.7,13,18.374022
118.8,12,18.375143
103.7,13,18.376398
118.8,12,18.377494
118.6,14,18.378789
118.3,17,18.380357
104.0,10,18.381286
118.4,16,18.382754
118.8,12,18.383896
118.7,13,18.385085
118.7,13,18.386279
103.7,13,18.38748
118.4,16,18.388926
133.6,14,18.390211
118.5,15,18.391609
118.7,13,18.392809
118.9,11,18.39381
103.5,15,18.395193
118.7,13,18.3964
104.0,10,18.397321
118.8,12,18.398405
104.0,10,18.39933
118.8,12,18.400547
118.8,12,18.401694
118.6,14,18.403037
133.6,15,18.404427
118.5,15,18.405795
118.6,14,18.407085
118.2,18,18.408713
118.8,12,18.409831
118.6,14,18.411107
118.5,15,18.412466
103.9,11,18.413468
104.0,10,18.414374
118.7,13,18.415553
118.7,13,18.416756
103.4,16,18.418216
104.0,10,18.419122
104.0,10,18.420029
104.0,10,18.420942
103.9,11,18.421937
104.0,10,18.422847
118.7,13,18.42403
118.6,14,18.425294
118.8,12,18.426404
118.4,16,18.427859
104.0,10,18.428773
103.7,14,18.430042
104.0,10,18.430955
104.0,10,18.431866
118.8,12,18.432955
118.8,12,18.434047
104.0,10,18.434963
118.3,17,18.436493
118.9,12,18.437585
133.5,15,18.438943
118.3,17,18.440481
118.6,14,18.441746
133.6,14,18.443005
104.0,10,18.443905
118.8,12,18.444989
118.8,12,18.446072
118.8,12,18.447154
118.4,16,18.44859
118.9,11,18.449592
104.0,10,18.450492
104.0,10,18.451391
103.9,11,18.452377
118.9,11,18.453365
118.7,13,18.454545
104.0,10,18.455447
118.9,11,18.45644
118.4,16,18.45787
104.0,10,18.458775
104.0,10,18.459679
104.0,10,18.460583
118.9,11,18.461572
118.4,16,18.462996
133.4,16,18.464432
118.9,11,18.465432
118.6,14,18.466695
104.0,10,18.467602
118.8,12,18.468688
118.5,15,18.470035
118.9,11,18.471024
104.0,10,18.471931
104.0,10,18.666803
118.9,11,18.667923
118.7,13,18.669138
118.8,12,18.670252
118.9,11,18.671273
118.6,14,18.672556
104.0,10,18.673474
118.7,13,18.674654
118.5,15,18.676017
118.8,12,18.677117
104.0,10,18.678033
118.8,12,18.67913
118.9,11,18.680135
118.9,11,18.681135
118.7,13,18.682321
118.5,15,18.683682
103.9,11,18.684677
118.6,14,18.685986
118.8,12,18.687243
118.9,11,18.688294
104.0,10,18.689285
118.4,16,18.690752
118.9,11,18.691791
118.3,17,18.693351
118.8,12,18.694451
104.0,10,18.695523
118.5,15,18.696963
104.0,10,18.697898
118.2,18,18.699606
118.5,15,18.700972
118.6,14,18.702244
104.0,10,18.703167
118.3,17,18.704694
118.5,15,18.706054
104.0,10,18.706967
118.8,12,18.708213
118.8,12,18.70937
103.9,11,18.710424
118.9,11,18.711552
104.0,10,18.712512
118.9,11,18.713542
118.8,12,18.714642
104.0,10,18.7156
118.6,14,18.71689
118.8,12,18.718026
118.9,11,18.719052
133.8,12,18.720142
104.0,10,18.721076
118.8,12,18.722175
133.8,12,18.723283
104.0,10,18.724237
118.6,14,18.725524
104.0,10,18.726427
118.5,15,18.727819
118.6,14,18.729095
118.8,12,18.730194
118.7,13,18.731431
118.5,15,18.732825
118.3,17,18.734395
118.4,16,18.735865
118.2,18,18.73751
118.9,11,18.738512
118.1,19,18.740349
104.0,10,18.741304
118.7,13,18.742496
104.0,10,18.743514
104.0,10,18.7445
118.2,18,18.746186
104.0,10,18.74713
118.6,14,18.748415
118.7,13,18.749631
104.0,10,18.750551
118.4,16,18.752016
118.9,11,18.753024
118.8,12,18.754133
118.9,11,18.755142
118.7,13,18.756414
118.9,11,18.757483
118.9,11,18.75848
118.3,17,18.760048
104.0,10,18.760953
118.7,13,18.762146
118.3,17,18.763695
104.0,10,18.764599
118.9,11,18.76562
103.9,11,18.766611
118.4,16,18.768165
118.8,12,18.769283
104.0,10,18.77021
118.6,14,18.77151
118.9,11,18.772505
118.7,13,18.773701
118.8,12,18.774777
104.0,10,18.775704
104.0,10,18.776618
118.9,11,18.777624
118.6,14,18.778894
104.0,10,18.77982
118.7,13,18.780979
118.9,11,18.781984
118.7,13,18.783167
104.0,10,18.784205
118.4,16,18.78573
118.5,15,18.787249
118.3,17,18.788833
104.0,10,18.789741
118.9,11,18.79076
118.8,12,18.791856
104.0,10,18.792778
118.8,12,18.793867
118.9,11,18.794866
118.6,15,18.796223
118.7,13,18.797401
118.4,16,18.79885
118.8,12,18.799955
104.0,10,18.800879
118.5,15,18.802233
104.0,10,18.803143
118.9,11,18.804146
118.8,12,18.805228
118.2,18,18.806846
118.5,15,18.808208
118.2,18,18.809853
118.9,11,18.810861
118.8,12,18.811942
104.0,10,18.812851
104.0,10,18.813753
118.9,11,18.814745
118.9,11,18.815743
118.8,12,18.816826
118.5,15,18.818178
104.0,10,18.819083
118.6,14,18.820366
118.8,12,18.821446
104.0,10,18.822349
118.8,12,18.82343
118.8,12,18.824524
133.3,17,18.826042
118.7,13,18.827213
118.5,15,18.828566
118.8,12,18.829651
104.0,10,18.830562
118.7,13,18.83174
104.0,10,18.832644
118.6,14,18.833907
118.6,14,18.835171
118.9,11,18.836173
104.0,10,18.837081
118.4,16,18.838516
118.9,11,18.839521
118.8,12,18.8406
118.8,12,18.841686
118.7,13,18.842854
118.9,11,18.843854
104.0,10,18.844759
118.2,18,18.846375
103.9,11,18.847371
118.6,14,18.848633
104.0,10,18.849542
118.4,16,18.850972
118.9,11,18.851973
118.8,12,18.853058
118.3,17,18.854585
118.8,12,18.85567
104.0,10,19.050609
118.4,16,19.05209
118.9,11,19.053097
104.0,10,19.054008
118.9,11,19.055005
104.0,10,19.055906
118.3,17,19.057426
118.8,12,19.058506
104.0,10,19.059406
104.0,10,19.060309
118.8,12,19.061381
118.8,12,19.062455
104.0,10,19.063355
118.7,13,19.064518
118.3,17,19.06603
118.8,12,19.067104
104.0,10,19.067999
118.6,14,19.069406
118.5,15,19.070967
118.7,13,19.072193
118.9,11,19.073323
118.7,14,19.074642
118.4,16,19.076142
104.0,10,19.077085
104.0,10,19.078016
133.4,16,19.079562
118.9,11,19.080595
103.9,11,19.081628
118.3,17,19.083354
118.5,15,19.084766
118.4,16,19.08624
104.0,10,19.087245
118.3,17,19.088842
118.2,18,19.090477
104.0,10,19.091468
133.3,17,19.093077
133.7,13,19.094302
118.3,17,19.096051
104.0,10,19.097041
103.5,15,19.098444
118.3,17,19.100062
118.5,15,19.101485
118.9,11,19.102508
103.9,11,19.10354
103.8,12,19.104654
118.9,11,19.1057
118.3,17,19.107298
118.5,15,19.108671
133.6,14,19.109943
118.9,11,19.110969
104.0,10,19.111917
118.8,12,19.113018
118.6,14,19.114317
104.0,10,19.115358
118.3,16,19.116858
103.9,11,19.117891
103.8,12,19.118984
104.0,10,19.119898
133.7,13,19.121073
118.8,12,19.122159
104.0,10,19.123134
118.5,15,19.124564
118.8,12,19.125653
118.9,11,19.126742
118.8,12,19.127903
118.2,18,19.129574
103.9,11,19.130585
118.6,14,19.131903
104.0,10,19.132832
118.3,17,19.13441
118.8,12,19.135535
103.9,11,19.136543
118.4,16,19.138037
104.0,10,19.138961
118.1,19,19.140701
118.9,11,19.141733
104.0,10,19.142662
118.8,12,19.143799
118.9,11,19.144818
118.8,12,19.145942
104.0,10,19.146882
103.9,11,19.147906
103.9,11,19.148911
104.0,10,19.149855
104.0,10,19.150783
118.3,17,19.152464
118.9,11,19.153514
104.0,10,19.154436
118.8,12,19.155562
104.0,10,19.156474
118.6,14,19.157785
118.6,14,19.159077
104.0,10,19.16002
118.9,11,19.161026
118.9,11,19.162044
118.6,14,19.163328
133.1,19,19.165039
104.0,10,19.165965
118.8,12,19.167099
118.5,15,19.168456
104.0,10,19.169387
118.5,15,19.170901
104.0,10,19.171863
118.3,17,19.173421
118.8,12,19.174533
118.6,14,19.175807
118.2,18,19.177475
118.5,15,19.178837
118.8,12,19.179926
118.7,13,19.181102
118.8,12,19.182199
133.3,17,19.183759
118.7,13,19.18493
118.4,16,19.186379
147.8,22,19.188359
118.9,11,19.189381
118.9,11,19.190401
118.7,13,19.191584
118.1,19,19.193324
118.5,15,19.194687
118.7,13,19.19587
118.7,13,19.197052
118.9,11,19.198058
118.4,16,19.199507
118.8,12,19.200606
118.7,13,19.201781
118.8,12,19.202877
118.4,16,19.204325
118.9,11,19.205324
118.7,13,19.206505
133.6,14,19.207789
104.0,10,19.208704
118.1,19,19.210414
118.4,16,19.211858
104.0,10,19.212773
118.7,13,19.213951
118.7,13,19.215125
118.3,17,19.21666
118.4,16,19.218104
104.0,10,19.219017
118.1,19,19.220723
104.0,10,19.221641
104.0,10,19.222553
104.0,10,19.223455
118.8,12,19.224539
118.4,16,19.225982
118.7,13,19.22717
118.8,12,19.228255
118.9,11,19.229253
104.0,10,19.230159
118.9,11,19.231174
104.0,10,19.232084
104.0,10,19.232994
118.7,13,19.234172
118.7,13,19.235348
118.8,12,19.236441
118.6,14,19.237701
118.5,15,19.239057
118.6,14,19.434361
104.0,10,19.43531
118.3,17,19.43687
118.8,12,19.437965
103.2,18,19.439599
118.8,12,19.4407
118.7,13,19.441903
104.0,10,19.442817
118.7,13,19.444004
118.7,13,19.445177
104.0,10,19.44609
148.0,20,19.447912
118.7,13,19.449236
118.1,19,19.451044
118.2,18,19.452711
118.9,11,19.453743
118.6,14,19.455006
118.7,13,19.456199
118.8,12,19.457288
103.9,11,19.458379
118.8,12,19.459515
118.9,11,19.460524
118.6,14,19.461825
104.0,10,19.462735
133.7,13,19.463952
118.8,12,19.465049
118.2,18,19.466723
118.9,11,19.467752
118.4,16,19.469217
104.0,10,19.470293
118.6,14,19.471648
118.9,11,19.472683
118.8,12,19.473825
104.0,10,19.474756
118.4,16,19.476242
118.3,17,19.478064
118.4,16,19.479619
118.8,12,19.480713
118.6,14,19.48208
118.4,16,19.483595
104.0,10,19.484534
104.0,10,19.485465
118.7,13,19.486651
118.9,11,19.487662
118.7,13,19.48883
104.0,10,19.489762
103.9,11,19.490781
118.7,13,19.491962
118.9,11,19.492954
103.9,11,19.494004
104.0,10,19.494926
118.1,19,19.496641
118.2,18,19.498324
118.7,13,19.499515
118.6,14,19.500803
118.7,13,19.501994
103.9,11,19.50298
104.0,10,19.503898
118.9,11,19.504884
118.5,15,19.506232
104.0,10,19.507146
118.2,18,19.508755
133.7,13,19.509946
118.6,14,19.51123
118.4,16,19.512672
103.0,20,19.514525
118.8,12,19.515619
103.9,11,19.516612
104.0,10,19.517536
118.6,14,19.518789
133.4,16,19.52023
103.9,11,19.521227
118.5,15,19.522586
118.8,12,19.523678
118.8,12,19.524762
104.0,10,19.525746
118.7,13,19.527014
104.0,10,19.527955
104.0,10,19.528905
118.7,13,19.530146
118.6,14,19.531426
103.9,11,19.532437
104.0,10,19.533535
104.0,10,19.534464
118.7,13,19.535666
118.8,12,19.536769
118.7,13,19.537987
104.0,10,19.5389
133.7,13,19.5401
104.0,10,19.541026
118.6,14,19.542325
118.7,13,19.543539
118.7,13,19.544736
118.7,13,19.545972
104.0,10,19.546899
118.9,11,19.547916
118.6,14,19.549213
118.7,13,19.550393
103.9,11,19.551385
104.0,10,19.552287
118.4,16,19.55373
104.0,10,19.554628
104.0,10,19.555521
118.5,15,19.556854
104.0,10,19.557776
118.9,11,19.558758
104.0,10,19.559664
104.0,10,19.560571
103.9,11,19.561553
118.5,15,19.562885
118.8,12,19.563956
104.0,10,19.564853
118.5,15,19.566197
118.8,12,19.567296
104.0,10,19.568193
118.3,17,19.569697
118.6,14,19.570949
118.7,13,19.572106
118.9,11,19.573088
118.7,13,19.574256
118.9,11,19.575236
104.0,10,19.576132
118.9,11,19.577135
104.0,10,19.578029
118.3,17,19.579534
118.2,18,19.581117
118.3,16,19.582536
118.1,19,19.584221
104.0,10,19.585108
118.8,12,19.586185
104.0,10,19.587077
104.0,10,19.587971
104.0,10,19.588866
118.8,12,19.589932
104.0,10,19.590842
118.1,19,19.592523
104.0,10,19.593417
118.2,18,19.595006
118.6,14,19.596254
118.1,19,19.597935
118.8,12,19.599007
118.9,11,19.599995
104.0,10,19.600891
118.6,14,19.602142
104.0,10,19.60303
118.9,11,19.60401
118.8,12,19.60508
104.0,10,19.605977
118.7,13,19.607143
118.7,13,19.608312
118.8,12,19.609381
118.6,14,19.610618
118.9,11,19.611602
118.5,15,19.612925
103.9,11,19.61391
118.8,12,19.61498
133.5,15,19.616317
118.9,11,19.617308
118.2,18,19.618918
118.5,15,19.620248
118.9,11,19.621224
118.8,12,19.815771
104.0,10,19.816705
118.9,11,19.817716
118.7,13,19.818894
118.2,18,19.820503
118.7,13,19.821663
118.4,16,19.823086
118.4,16,19.824519
104.0,10,19.825417
118.3,17,19.826913
118.8,12,19.827977
104.0,10,19.828873
118.9,11,19.829853
104.0,10,19.830744
118.6,14,19.831989
118.7,13,19.833144
104.0,10,19.834043
118.8,12,19.835142
118.7,13,19.836355
104.0,10,19.837243
104.0,10,19.838153
118.9,11,19.83913
118.9,11,19.840107
118.5,15,19.841465
118.9,11,19.842446
104.0,10,19.843345
104.0,10,19.844271
118.9,11,19.845242
118.5,15,19.846576
104.0,10,19.847465
118.7,13,19.848637
118.5,15,19.849976
118.6,14,19.851218
104.0,10,19.852126
102.9,21,19.854137
103.9,11,19.855167
118.9,11,19.85619
133.8,12,19.857271
118.2,18,19.85889
118.5,15,19.860336
118.9,11,19.861349
118.6,14,19.862608
118.5,15,19.86395
118.6,14,19.865216
104.0,10,19.866132
118.8,12,19.867227
118.7,13,19.868517
118.9,11,19.869592
118.7,13,19.870855
104.0,10,19.871808
104.0,10,19.872763
118.6,14,19.874083
118.8,12,19.875181
118.6,14,19.876607
103.9,11,19.877708
118.9,11,19.87876
118.6,14,19.88008
104.0,10,19.881144
104.0,10,19.882044
118.8,12,19.883145
104.0,10,19.884055
118.9,11,19.885048
118.9,11,19.886035
104.0,10,19.886935
104.0,10,19.887824
118.6,14,19.88922
118.1,19,19.891005
118.9,11,19.892036
133.8,12,19.893155
118.9,11,19.894144
118.8,12,19.895225
118.1,19,19.896929
104.0,10,19.897823
133.6,14,19.8991
118.2,18,19.90076
118.6,14,19.902016
118.7,13,19.903187
118.5,15,19.904544
118.8,12,19.905612
118.8,12,19.906706
118.7,13,19.907889
104.0,10,19.908798
118.8,12,19.909903
104.0,10,19.91083
133.2,18,19.91246
104.0,10,19.913372
104.0,10,19.914281
118.7,13,19.915454
104.0,10,19.916551
118.9,11,19.91761
104.0,10,19.918528
118.5,15,19.919877
118.9,11,19.920984
104.0,10,19.921951
118.2,18,19.923632
104.0,10,19.924632
104.0,10,19.925556
118.9,11,19.926613
118.9,11,19.927628
118.5,15,19.929091
104.0,10,19.930066
118.8,12,19.931217
118.3,17,19.93283
104.0,10,19.933765
118.7,13,19.935011
118.6,14,19.936304
118.6,14,19.937603
118.8,12,19.938705
118.6,14,19.939985
118.8,12,19.941095
103.9,11,19.942096
118.8,12,19.943216
118.6,14,19.944511
118.3,17,19.946048
118.4,16,19.947516
118.3,17,19.94905
118.9,11,19.950071
118.6,14,19.951356
148.4,16,19.952792
118.7,13,19.953983
118.3,17,19.955521
118.7,13,19.956724
104.0,10,19.957657
118.5,15,19.959023
118.4,16,19.960507
118.2,18,19.962134
104.0,10,19.963037
133.1,19,19.964753
103.9,11,19.965757
133.6,14,19.967036
118.9,11,19.968036
118.4,16,19.969491
118.7,13,19.97068
118.6,14,19.971958
118.9,11,19.972966
118.7,13,19.974171
133.5,15,19.975532
103.9,11,19.976539
118.8,12,19.977628
104.0,10,19.978539
118.2,18,19.980163
104.0,10,19.981078
118.4,16,19.98253
104.0,10,19.983448
118.7,13,19.984621
118.9,11,19.98562
104.0,10,19.986524
118.7,13,19.987704
118.5,15,19.989065
103.9,11,19.990069
118.5,15,19.99143
104.0,10,19.992343
118.6,14,19.993615
133.6,14,19.994891
118.7,13,19.996076
118.5,15,19.997433
118.7,13,19.998616
118.8,12,19.999705
118.9,11,20.000709
118.8,12,20.001801
104.0,10,20.00271
118.7,13,20.198044
118.9,11,20.199074
118.8,12,20.200159
118.6,14,20.201419
118.4,16,20.202845
104.0,10,20.20374
104.0,10,20.204638
118.5,15,20.205974
103.7,13,20.207131
104.0,10,20.208024
104.0,10,20.20892
118.8,12,20.20999
118.8,12,20.211059
118.9,11,20.212038
118.9,11,20.213016
133.0,20,20.214778
118.9,11,20.21578
118.5,15,20.217169
118.6,14,20.218442
104.0,10,20.219359
118.3,17,20.220972
104.0,10,20.221948
118.6,14,20.223245
118.5,15,20.224627
104.0,10,20.225579
104.0,10,20.226495
118.9,11,20.227519
118.5,15,20.228895
118.3,17,20.230424
118.5,15,20.231792
104.0,10,20.232867
133.1,19,20.234801
118.5,15,20.236202
118.7,13,20.237446
118.5,15,20.238833
104.0,10,20.239762
118.6,14,20.241096
118.3,17,20.24267
118.7,13,20.243894
118.7,13,20.245142
118.6,14,20.246428
118.2,18,20.24808
104.0,10,20.249044
118.2,18,20.250691
118.2,18,20.252343
118.5,15,20.253833
118.6,14,20.255167
103.9,11,20.256164
118.5,15,20.257568
104.0,10,20.258474
118.9,11,20.259471
104.0,10,20.260393
118.6,14,20.261787
118.7,13,20.262991
104.0,10,20.263942
118.3,17,20.265742
118.8,12,20.266951
104.0,10,20.267915
118.9,11,20.268964
104.0,10,20.269882
118.7,13,20.271096
118.6,14,20.272361
118.6,14,20.273677
104.0,10,20.274598
118.9,11,20.275609
118.4,16,20.277095
104.0,10,20.278033
104.0,10,20.278954
118.9,11,20.279965
118.9,11,20.281044
118.6,14,20.282382
118.5,15,20.283791
118.9,11,20.284798
133.6,14,20.286064
118.6,14,20.287337
118.6,14,20.28859
118.9,11,20.2896
118.8,12,20.290668
133.6,14,20.291916
118.6,14,20.293227
118.5,15,20.294566
103.4,16,20.295992
118.6,14,20.297257
104.0,10,20.298152
118.6,14,20.299416
118.5,15,20.300783
118.7,13,20.301959
118.4,16,20.30338
133.6,14,20.304626
118.2,18,20.306242
133.8,12,20.307325
118.9,11,20.308301
104.0,10,20.30929
118.7,13,20.310558
118.3,17,20.312179
118.2,18,20.313879
103.3,17,20.315429
118.3,17,20.317007
118.6,14,20.318308
104.0,10,20.319206
104.0,10,20.320103
104.0,10,20.320998
104.0,10,20.321894
104.0,10,20.322782
118.8,12,20.323884
104.0,10,20.324774
104.0,10,20.325662
104.0,10,20.326578
103.9,11,20.327563
104.0,10,20.328445
118.9,11,20.329418
104.0,10,20.330306
103.9,11,20.331278
118.9,11,20.332248
118.9,11,20.333252
104.0,10,20.334145
118.9,11,20.335117
118.4,16,20.336519
103.9,11,20.337492
118.6,14,20.33873
118.9,11,20.339706
118.2,18,20.341306
118.9,11,20.342276
118.8,12,20.343375
104.0,10,20.344268
118.6,14,20.345505
118.9,11,20.346479
118.5,15,20.3478
118.8,12,20.348862
118.7,13,20.350012
104.0,10,20.350896
118.9,11,20.351872
118.7,13,20.353033
118.9,11,20.354009
104.0,10,20.354891
118.8,12,20.355951
118.7,13,20.357118
104.0,10,20.35801
104.0,10,20.358893
104.0,10,20.359785
118.7,13,20.360929
118.6,14,20.362165
118.2,18,20.363747
118.7,13,20.364892
118.4,16,20.366301
118.6,14,20.367529
118.7,13,20.368672
118.8,12,20.369723
104.0,10,20.370623
118.2,18,20.372209
103.7,13,20.373349
118.9,11,20.374321
103.4,16,20.375728
104.0,10,20.376618
118.7,13,20.377765
104.0,10,20.378653
118.5,15,20.379971
118.6,14,20.381215
104.0,10,20.382102
118.7,13,20.383246
118.7,13,20.580417
118.1,19,20.582223
118.7,13,20.583431
118.5,15,20.584805
118.5,15,20.586181
118.6,14,20.587465
118.5,15,20.58884
104.0,10,20.58977
104.0,10,20.590691
118.6,14,20.591967
118.3,17,20.593511
104.0,10,20.594432
104.0,10,20.595351
104.0,10,20.596275
103.6,14,20.597543
133.6,14,20.598812
118.7,13,20.600003
104.0,10,20.600954
104.0,10,20.601992
133.5,15,20.603403
118.4,16,20.604916
104.0,10,20.605861
104.0,10,20.606924
104.0,10,20.60789
118.6,14,20.609211
104.0,10,20.610159
118.9,11,20.611186
104.0,10,20.612127
104.0,10,20.613063
118.8,12,20.614188
118.5,15,20.615572
104.0,10,20.616517
118.4,16,20.617987
118.3,17,20.619625
118.9,11,20.620666
118.9,11,20.621672
118.9,11,20.622693
118.9,11,20.623688
104.0,10,20.624604
118.6,14,20.625874
118.4,16,20.627335
118.8,12,20.628413
118.8,12,20.629513
118.3,17,20.631075
104.0,10,20.631991
104.0,10,20.63292
118.9,11,20.633937
118.5,15,20.635299
133.6,14,20.636586
118.8,12,20.63767
118.5,15,20.639041
118.3,17,20.6406
118.9,11,20.641586
118.7,13,20.642773
118.8,12,20.643847
118.6,14,20.645113
118.9,11,20.646135
118.3,17,20.647692
118.7,13,20.648851
104.0,10,20.649891
104.0,10,20.650857
118.5,15,20.652268
118.1,19,20.653987
118.6,14,20.655291
118.5,15,20.656696
118.8,12,20.657795
118.7,13,20.659118
118.4,16,20.66063
104.0,10,20.661549
133.5,15,20.662932
118.8,12,20.664019
104.0,10,20.664934
104.0,10,20.665833
104.0,10,20.666875
147.6,24,20.669097
118.5,15,20.670483
103.7,13,20.671679
118.4,16,20.673145
104.0,10,20.674083
103.7,13,20.675308
118.4,16,20.676803
118.9,11,20.677828
118.8,12,20.679048
118.6,14,20.680385
118.8,12,20.681501
118.9,11,20.682567
118.3,17,20.684128
118.6,14,20.685431
104.0,10,20.686361
118.9,11,20.687423
104.0,10,20.68836
118.7,13,20.689545
118.3,17,20.691239
118.7,13,20.69245
118.7,13,20.693669
103.9,11,20.69474
118.9,11,20.695765
118.9,11,20.696749
118.6,14,20.697997
118.8,12,20.699202
104.0,10,20.700156
104.0,10,20.701191
104.0,10,20.702131
118.2,18,20.703769
118.5,15,20.705117
118.4,16,20.706544
104.0,10,20.707452
118.9,11,20.708444
118.7,13,20.709622
118.9,11,20.710616
118.8,12,20.711698
104.0,10,20.712595
118.9,11,20.71359
104.0,10,20.714485
118.9,11,20.715474
118.6,14,20.716737
118.5,15,20.718082
118.8,12,20.719152
118.8,12,20.720231
118.9,11,20.721219
118.7,13,20.722376
118.9,11,20.723357
133.8,12,20.72444
104.0,10,20.725336
118.9,11,20.726341
104.0,10,20.727238
118.2,18,20.728826
118.8,12,20.7299
133.6,14,20.731156
118.7,13,20.732317
118.6,14,20.733568
103.5,15,20.7349
118.5,15,20.736234
118.7,13,20.737388
118.7,13,20.738544
118.9,11,20.739523
103.9,11,20.740517
104.0,10,20.741414
132.9,21,20.743265
118.9,11,20.744248
118.5,15,20.745577
118.7,13,20.746737
118.9,11,20.747717
103.9,11,20.748699
118.7,13,20.74986
133.6,14,20.751105
118.9,11,20.752082
104.0,10,20.752973
118.9,11,20.753952
104.0,10,20.754847
118.9,11,20.755834
104.0,10,20.756728
118.8,12,20.757801
104.0,10,20.758688
118.4,16,20.7601
104.0,10,20.760998
104.0,10,20.761892
118.8,12,20.76297
118.9,11,20.763951
118.6,14,20.765201
118.2,18,20.766807
118.8,12,20.767884
118.7,13,20.964003
118.9,11,20.965028
104.0,10,20.965945
118.7,13,20.967121
118.8,12,20.968208
104.0,10,20.969116
118.6,14,20.970371
118.7,13,20.971545
104.0,10,20.972445
104.0,10,20.973347
118.3,17,20.974864
118.7,13,20.976031
118.8,12,20.977107
118.7,13,20.978264
118.8,12,20.979343
118.9,11,20.980336
104.0,10,20.981266
118.6,14,20.982706
103.2,18,20.984456
118.7,13,20.98566
104.0,10,20.986617
118.9,11,20.987634
104.0,10,20.988569
103.4,16,20.990047
118.6,14,20.991346
118.7,13,20.992573
133.8,12,20.993666
104.0,10,20.994611
118.7,13,20.9958
104.0,10,20.99673
118.7,13,20.997918
118.9,11,20.998946
104.0,10,20.999886
104.0,10,21.000838
118.4,16,21.002302
104.0,10,21.003229
133.7,13,21.004423
118.4,16,21.005902
118.9,11,21.006907
118.5,14,21.008191
118.6,14,21.009468
118.8,12,21.010618
118.9,11,21.011751
118.6,14,21.013068
104.0,10,21.013988
104.0,10,21.014919
133.4,16,21.01638
118.7,13,21.017558
118.6,14,21.018924
103.7,13,21.020131
118.3,17,21.021729
118.6,14,21.023051
104.0,10,21.024
103.9,11,21.025018
104.0,10,21.025931
104.0,10,21.02687
118.2,18,21.028494
118.4,16,21.02996
118.6,14,21.031277
118.3,17,21.032836
118.7,13,21.03405
118.8,12,21.035352
118.9,11,21.036454
118.3,17,21.038037
118.5,15,21.039443
118.2,18,21.041113
118.8,12,21.042229
104.0,10,21.043272
104.0,10,21.04422
118.9,11,21.045214
104.0,10,21.046132
104.0,10,21.04705
118.9,11,21.048035
118.5,15,21.04939
118.4,16,21.050855
133.4,16,21.052288
118.6,14,21.053542
103.3,17,21.055181
118.8,12,21.056321
118.7,13,21.057541
118.3,17,21.059098
133.8,12,21.060182
118.7,13,21.061363
118.3,17,21.062927
118.6,14,21.064178
103.3,17,21.065705
118.4,16,21.067369
118.7,13,21.068636
118.2,18,21.070304
118.6,14,21.071599
104.0,10,21.072536
118.7,13,21.073763
118.6,14,21.075108
133.5,15,21.076506
118.3,17,21.078082
118.3,17,21.079657
104.0,10,21.080587
104.0,10,21.081549
118.9,11,21.082559
118.9,11,21.083595
118.2,18,21.085237
118.4,16,21.086693
133.7,13,21.087897
118.8,12,21.088998
103.9,11,21.089999
118.3,17,21.091551
118.5,15,21.092925
118.8,12,21.094036
103.2,18,21.095666
104.0,10,21.096592
118.9,11,21.097607
118.4,16,21.099056
118.7,13,21.100347
103.9,11,21.101348
118.4,16,21.102788
103.9,11,21.103768
118.9,11,21.104739
118.7,13,21.105894
118.8,12,21.10697
118.8,12,21.108033
118.6,14,21.109285
118.8,12,21.11039
118.7,13,21.111538
118.8,12,21.112602
118.8,12,21.113671
104.0,10,21.114554
104.0,10,21.115442
104.0,10,21.116345
118.8,12,21.117408
104.0,10,21.118294
118.3,17,21.119792
104.0,10,21.120679
118.7,13,21.121828
104.0,10,21.122724
104.0,10,21.123609
104.0,10,21.124501
118.6,14,21.125736
104.0,10,21.126623
118.9,11,21.12759
118.5,15,21.128912
118.9,11,21.129885
118.4,16,21.131295
118.3,17,21.132793
148.2,18,21.134369
118.9,11,21.135344
118.8,12,21.136404
118.3,17,21.137899
118.9,11,21.138871
118.2,18,21.140458
104.0,10,21.141351
118.8,12,21.142416
104.0,10,21.143307
118.7,13,21.144457
118.7,13,21.145603
104.0,10,21.146489
118.5,15,21.147823
118.5,15,21.149147
104.0,10,21.150038
104.0,10,21.15092
118.5,15,21.347914
118.5,15,21.349281
103.1,19,21.350986
118.6,14,21.352242
104.0,10,21.353144
104.0,10,21.354052
118.4,16,21.35547
104.0,10,21.356367
118.5,15,21.357704
118.9,11,21.358691
103.0,20,21.360473
118.4,16,21.361892
118.9,11,21.362887
118.3,17,21.36452
118.8,12,21.36575
118.7,13,21.367135
103.9,11,21.368223
118.6,14,21.369616
118.8,12,21.37071
118.4,16,21.372184
103.4,16,21.37363
118.9,11,21.374637
104.0,10,21.375557
118.7,13,21.376736
118.5,15,21.378082
104.0,10,21.379001
118.7,13,21.380155
118.5,15,21.381518
133.3,17,21.383121
104.0,10,21.384077
118.7,13,21.385304
118.6,14,21.386572
118.8,12,21.387681
118.5,15,21.389117
103.5,15,21.390561
103.5,15,21.392001
118.8,12,21.393171
118.6,14,21.394466
104.0,10,21.395395
133.3,17,21.397001
118.4,16,21.398473
118.7,13,21.399683
118.9,11,21.400707
118.5,15,21.402084
118.6,14,21.403367
104.0,10,21.404268
118.9,11,21.40528
118.8,12,21.406362
118.7,13,21.407568
118.1,19,21.409393
118.8,12,21.410544
118.4,16,21.412017
104.0,10,21.413043
133.6,14,21.414541
104.0,10,21.415491
118.7,13,21.416728
118.9,11,21.417761
118.9,11,21.418784
118.5,15,21.420176
118.9,11,21.42121
118.6,14,21.422491
133.5,15,21.423902
118.6,14,21.425206
118.7,13,21.426434
104.0,10,21.42737
118.8,12,21.428511
118.8,12,21.429611
118.7,13,21.430816
118.8,12,21.431918
118.7,13,21.433146
118.7,13,21.434346
118.4,16,21.435827
104.0,10,21.436736
118.5,15,21.438124
118.6,14,21.439428
118.8,12,21.440525
103.5,15,21.442034
104.0,10,21.442995
104.0,10,21.443926
118.4,16,21.445382
104.0,10,21.446286
104.0,10,21.44722
133.0,19,21.448915
118.8,12,21.450017
118.5,15,21.4514
118.7,13,21.452573
118.9,11,21.453591
118.5,15,21.454938
104.0,10,21.455852
104.0,10,21.456754
118.7,13,21.458062
118.9,11,21.459111
118.7,13,21.460323
118.8,12,21.461453
118.7,13,21.462649
104.0,10,21.463584
118.9,11,21.464593
118.6,14,21.465869
118.9,11,21.466904
104.0,10,21.467823
104.0,10,21.468735
118.8,12,21.469824
118.8,12,21.470913
118.9,11,21.471924
118.6,14,21.473202
118.8,12,21.474311
118.3,17,21.475856
104.0,10,21.476808
118.5,15,21.478181
103.9,11,21.479185
118.7,13,21.480357
104.0,10,21.481277
118.7,13,21.482464
118.9,11,21.483477
118.7,13,21.484661
118.6,14,21.485937
118.8,12,21.487037
118.9,11,21.488037
118.7,13,21.489212
118.8,12,21.490313
118.5,15,21.491676
133.8,12,21.492763
118.8,12,21.493851
118.7,13,21.495027
118.9,11,21.496022
118.7,13,21.497205
118.5,15,21.498565
104.0,10,21.499483
118.7,13,21.500672
118.7,13,21.501851
118.6,14,21.503119
118.9,11,21.504119
104.0,10,21.505025
118.5,15,21.506382
118.9,11,21.507387
118.4,16,21.508835
118.8,12,21.509925
118.4,16,21.511368
118.5,15,21.512716
118.9,11,21.513717
118.5,15,21.515074
118.8,12,21.516168
118.3,17,21.517709
118.5,15,21.519066
118.6,14,21.520332
118.4,16,21.521775
133.7,13,21.52295
118.8,12,21.524036
118.9,11,21.525038
133.8,12,21.526123
104.0,10,21.52704
118.5,15,21.528385
104.0,10,21.529298
118.8,12,21.530386
118.9,11,21.531385
133.4,16,21.532833
104.0,10,21.533749
104.0,10,21.534658
118.5,15,21.729453
118.4,16,21.730933
104.0,10,21.731848
103.6,14,21.733114
118.6,14,21.734365
118.8,12,21.735428
118.8,12,21.736502
118.8,12,21.737568
118.6,14,21.738817
118.4,16,21.740241
148.2,18,21.741824
118.2,18,21.743406
118.6,14,21.744647
118.3,17,21.746157
118.7,13,21.747327
133.3,17,21.748909
118.8,12,21.749996
118.5,15,21.751342
118.9,11,21.752333
118.7,13,21.753675
118.5,15,21.755096
104.0,10,21.75601
118.6,14,21.757321
104.0,10,21.758234
118.5,15,21.759597
104.0,10,21.760505
133.3,17,21.76202
118.9,11,21.763028
104.0,10,21.763919
118.9,11,21.76507
118.7,13,21.766326
104.0,10,21.767325
118.7,13,21.768533
118.5,15,21.769956
104.0,10,21.770885
104.0,10,21.771781
104.0,10,21.772699
118.5,15,21.774027
118.2,18,21.775636
118.4,16,21.777101
118.6,14,21.778377
104.0,10,21.779278
104.0,10,21.780197
118.8,12,21.781388
104.0,10,21.782314
118.3,17,21.783885
118.6,14,21.785236
118.9,11,21.78629
118.8,12,21.787408
118.7,13,21.788616
104.0,10,21.789556
103.9,11,21.790604
104.0,10,21.791541
104.0,10,21.792494
118.7,13,21.79371
118.6,14,21.795009
104.0,10,21.795946
118.7,13,21.797135
103.8,13,21.798339
118.3,17,21.799916
104.0,10,21.800856
118.7,13,21.802047
118.5,15,21.803424
118.4,16,21.804909
104.0,10,21.805819
118.7,13,21.807029
104.0,10,21.807954
118.9,11,21.808962
132.8,22,21.810938
118.9,11,21.811967
118.5,15,21.813435
103.8,12,21.814549
104.0,10,21.815477
104.0,10,21.816421
103.3,17,21.818061
118.8,12,21.819181
118.8,12,21.820257
118.6,14,21.821544
118.3,16,21.822993
103.9,11,21.824003
118.5,15,21.825371
118.7,13,21.826552
118.9,11,21.827544
104.0,10,21.828449
118.9,11,21.829448
118.7,13,21.830612
104.0,10,21.831526
133.4,16,21.833045
133.4,16,21.834464
103.9,11,21.835474
118.7,13,21.836647
104.0,10,21.837545
104.0,10,21.838458
104.0,10,21.839351
133.3,17,21.840885
118.7,13,21.842143
104.0,10,21.843072
104.0,10,21.844002
118.8,12,21.845097
118.7,13,21.846248
118.8,12,21.84736
118.7,13,21.84858
103.9,11,21.849646
118.4,16,21.851249
103.3,17,21.852811
118.5,15,21.854162
118.6,14,21.855439
118.7,13,21.856632
118.1,19,21.858366
118.6,14,21.859649
118.8,12,21.860743
118.5,15,21.862086
104.0,10,21.862992
118.9,11,21.863983
118.7,13,21.865155
118.1,19,21.866876
133.3,17,21.868408
133.6,14,21.869664
133.5,15,21.871005
118.8,12,21.872083
104.0,10,21.872984
118.1,19,21.874693
118.9,11,21.875687
118.9,11,21.8767
104.0,10,21.877607
118.4,16,21.87904
118.9,11,21.880032
118.7,13,21.881192
118.9,11,21.882174
118.8,12,21.883252
104.0,10,21.884152
104.0,10,21.885045
118.9,11,21.886034
103.7,13,21.887203
118.2,18,21.88882
118.3,17,21.890341
118.7,13,21.8915
118.5,15,21.892836
118.8,12,21.893908
104.0,10,21.894799
118.8,12,21.895868
118.8,12,21.89694
118.8,12,21.89802
104.0,10,21.898921
103.6,14,21.900175
104.0,10,21.901073
118.5,15,21.90241
104.0,10,21.903306
118.2,18,21.904897
118.6,14,21.906142
118.7,13,21.907311
118.8,12,21.908386
118.8,12,21.909456
118.9,11,21.910438
103.9,11,21.911417
118.9,11,21.912401
103.9,11,21.913395
118.1,19,21.915093
104.0,10,21.915992
118.6,14,22.110717
118.7,13,22.111913
118.9,11,22.112912
118.8,12,22.114001
133.5,15,22.115336
104.0,10,22.116235
118.5,15,22.117571
104.0,10,22.118488
118.4,16,22.119918
118.9,11,22.120908
118.5,15,22.122245
118.7,13,22.123398
118.7,13,22.124555
118.5,15,22.125886
118.6,14,22.127149
133.8,12,22.128248
118.9,11,22.129449
118.1,19,22.131374
104.0,10,22.132295
118.8,12,22.133543
118.9,11,22.134584
104.0,10,22.135528
104.0,10,22.136439
118.1,19,22.138157
103.9,11,22.139176
118.6,14,22.140427
104.0,10,22.141501
118.0,20,22.143401
118.4,16,22.144877
133.8,12,22.146175
118.9,11,22.147249
118.7,13,22.14846
118.6,14,22.14988
133.6,14,22.151201
118.9,11,22.152227
133.8,12,22.153418
118.8,12,22.154531
118.7,13,22.155727
104.0,10,22.156632
104.0,10,22.157559
118.4,16,22.15899
118.8,12,22.160081
118.7,13,22.161338
118.8,12,22.162451
104.0,10,22.1634
104.0,10,22.164309
118.5,15,22.165699
104.0,10,22.166599
104.0,10,22.167527
118.8,12,22.168602
118.3,17,22.17023
118.7,13,22.171425
118.9,11,22.172409
104.0,10,22.173337
118.8,12,22.174416
118.6,14,22.175656
103.6,15,22.176997
118.8,12,22.178075
133.7,13,22.179235
118.8,12,22.180324
103.5,15,22.181751
104.0,10,22.182784
118.4,16,22.184339
118.9,11,22.185397
118.9,11,22.18641
118.4,16,22.187888
104.0,10,22.188819
118.8,12,22.190031
104.0,10,22.190999
118.2,18,22.192666
118.9,11,22.193727
104.0,10,22.19464
118.7,13,22.195834
118.6,14,22.197134
103.9,11,22.198137
104.0,10,22.199061
118.5,15,22.200446
104.0,10,22.201452
118.4,16,22.202956
103.5,15,22.204342
118.5,15,22.20578
118.9,11,22.206798
118.5,15,22.20818
118.9,11,22.209261
118.7,13,22.210501
118.3,17,22.212028
104.0,10,22.212934
104.0,10,22.213841
148.1,19,22.215555
118.2,18,22.217321
118.7,13,22.218523
118.1,19,22.220224
118.6,14,22.221508
118.7,13,22.222668
104.0,10,22.223594
103.9,11,22.224583
118.8,12,22.22568
133.7,13,22.226875
118.9,11,22.227889
118.9,11,22.228952
118.7,13,22.230153
118.9,11,22.231143
118.6,14,22.232401
118.3,17,22.233929
103.9,11,22.234905
118.9,11,22.235897
104.0,10,22.236786
118.2,18,22.238375
118.9,11,22.239354
118.5,15,22.24069
103.7,13,22.24184
104.0,10,22.242726
118.8,12,22.24382
104.0,10,22.244714
118.7,13,22.245865
104.0,10,22.246753
104.0,10,22.247647
118.8,12,22.24871
118.9,11,22.249693
118.8,12,22.250759
104.0,10,22.251645
118.6,14,22.25288
118.7,13,22.254028
118.8,12,22.255085
104.0,10,22.255968
133.8,12,22.257047
104.0,10,22.257937
103.9,11,22.258919
118.9,11,22.259894
118.8,12,22.260947
118.7,13,22.262092
118.4,16,22.2635
104.0,10,22.264385
104.0,10,22.265276
118.4,16,22.266689
103.5,15,22.268014
118.6,14,22.269255
118.7,13,22.270404
118.5,15,22.271721
118.1,19,22.273386
104.0,10,22.274274
118.9,11,22.27525
104.0,10,22.276136
104.0,10,22.277021
118.8,12,22.278087
118.3,17,22.279594
104.0,10,22.280487
118.9,11,22.281458
104.0,10,22.282349
118.2,18,22.283934
103.9,11,22.284903
118.6,14,22.286142
104.0,10,22.287036
118.5,15,22.288374
104.0,10,22.289258
118.4,16,22.290666
103.9,11,22.291636
118.6,14,22.292865
118.5,15,22.294188
104.0,10,22.295073
118.6,14,22.29631
118.7,13,22.492003
118.8,12,22.493131
118.7,13,22.494319
118.6,14,22.495573
104.0,10,22.496476
104.0,10,22.497373
118.3,17,22.498881
133.6,14,22.500128
118.9,11,22.501113
133.6,14,22.502359
104.0,10,22.503256
104.0,10,22.504148
103.9,11,22.505139
104.0,10,22.506042
118.7,13,22.507198
104.0,10,22.50813
118.8,12,22.509396
118.9,11,22.510463
104.0,10,22.51145
104.0,10,22.512376
118.9,11,22.513478
104.0,10,22.514407
118.9,11,22.515441
133.4,16,22.516908
104.0,10,22.51784
104.0,10,22.518761
104.0,10,22.519714
118.9,11,22.520719
118.6,14,22.522006
103.7,13,22.523215
118.7,13,22.524394
118.9,11,22.52543
118.2,18,22.52707
118.2,18,22.528711
104.0,10,22.529668
104.0,10,22.530578
104.0,10,22.531503
118.8,12,22.532589
118.9,11,22.533767
133.3,17,22.535355
118.5,15,22.536721
118.8,12,22.537839
118.4,16,22.539303
103.5,15,22.540644
118.7,13,22.541831
118.8,12,22.542935
118.4,16,22.54438
104.0,10,22.545468
103.9,11,22.546516
118.7,13,22.547731
118.7,13,22.548929
104.0,10,22.550021
118.9,11,22.551087
118.7,13,22.552332
118.8,12,22.553458
118.6,14,22.554745
118.6,14,22.556063
118.7,13,22.557274
103.7,13,22.558463
118.8,12,22.559589
104.0,10,22.560508
133.3,17,22.562088
118.8,12,22.5632
118.5,15,22.564558
133.2,18,22.566215
118.7,13,22.567425
118.6,14,22.568719
104.0,10,22.569667
104.0,10,22.570574
118.9,11,22.571601
118.5,15,22.572967
118.8,12,22.574078
118.9,11,22.575089
104.0,10,22.576011
118.8,12,22.577222
103.9,11,22.578268
118.7,13,22.579471
133.8,12,22.580591
133.3,17,22.582231
118.4,16,22.58375
118.8,12,22.58485
118.4,16,22.586414
118.8,12,22.58755
104.0,10,22.588469
103.6,14,22.589753
118.4,16,22.59123
104.0,10,22.592152
133.2,18,22.593809
104.0,10,22.594718
104.0,10,22.595634
118.8,12,22.596716
118.7,13,22.597912
103.5,15,22.599281
118.5,15,22.600743
118.1,19,22.602574
118.8,12,22.603707
118.8,12,22.604787
104.0,10,22.605714
118.8,12,22.606786
104.0,10,22.607705
118.8,12,22.608792
118.9,11,22.609803
103.8,12,22.6109
118.6,14,22.61215
118.7,13,22.613306
104.0,10,22.614208
104.0,10,22.615102
118.4,16,22.616527
103.7,13,22.617685
118.7,13,22.61884
118.7,13,22.619998
103.9,11,22.620993
118.3,17,22.622495
104.0,10,22.623391
104.0,10,22.624302
133.5,15,22.625623
118.8,12,22.626711
118.6,14,22.627943
133.5,15,22.629267
118.3,17,22.630769
103.6,14,22.632006
104.0,10,22.632903
118.5,15,22.634222
118.6,14,22.635456
118.8,12,22.636517
118.6,14,22.637755
104.0,10,22.638648
104.0,10,22.63954
104.0,10,22.640455
118.5,15,22.641782
104.0,10,22.642677
118.8,12,22.643741
103.5,15,22.645065
118.4,16,22.646488
118.6,14,22.647733
133.4,16,22.649144
118.3,17,22.650645
118.4,16,22.652062
133.8,12,22.653132
104.0,10,22.65403
118.3,17,22.655548
118.8,12,22.656619
118.6,14,22.657861
133.3,17,22.659365
118.8,12,22.660434
118.6,14,22.661679
118.1,19,22.663349
104.0,10,22.664239
118.6,14,22.66548
118.9,11,22.666456
118.9,11,22.667438
118.9,11,22.668401
118.5,15,22.669721
118.6,14,22.670956
118.8,12,22.672017
118.2,18,22.673613
104.0,10,22.674506
118.6,14,22.675749
118.7,13,22.676893
118.7,13,22.67804
104.0,10,22.678926
118.7,13,22.874752
118.1,19,22.876528
133.2,18,22.87818
118.3,17,22.879735
118.2,18,22.881375
118.9,11,22.882388
104.0,10,22.883308
118.7,13,22.884488
118.0,20,22.886291
118.8,12,22.88739
118.6,14,22.888658
118.7,13,22.889852
118.6,14,22.891167
103.5,15,22.892674
133.6,14,22.894006
118.5,15,22.895358
104.0,10,22.89629
103.3,17,22.897819
118.9,11,22.898816
118.6,14,22.900098
118.7,13,22.901269
103.4,16,22.90272
118.5,15,22.904173
104.0,10,22.905122
118.7,13,22.906342
118.6,14,22.907616
118.6,14,22.908894
133.7,13,22.910085
118.7,13,22.911248
133.4,16,22.912697
118.8,12,22.91378
118.9,11,22.914777
118.4,16,22.916244
147.3,27,22.918676
118.3,17,22.920203
118.8,12,22.921276
104.0,10,22.922189
103.7,13,22.923348
118.3,17,22.924895
133.8,12,22.925981
104.0,10,22.926902
104.0,10,22.927819
118.8,12,22.928896
104.0,10,22.92981
118.3,17,22.931312
118.8,12,22.932404
103.6,14,22.933677
118.2,18,22.935295
118.6,14,22.936553
118.7,13,22.937729
118.1,19,22.939412
118.4,16,22.941027
118.8,12,22.942173
118.7,13,22.943408
118.9,11,22.944486
104.0,10,22.945411
118.6,14,22.946718
118.9,11,22.947737
118.4,16,22.949199
118.5,15,22.950618
118.9,11,22.951631
118.7,13,22.952993
118.9,11,22.954094
118.9,11,22.955113
104.0,10,22.956145
118.7,13,22.957358
104.0,10,22.958298
118.9,11,22.959284
118.7,13,22.960483
133.2,18,22.962074
118.8,12,22.963147
118.5,15,22.964609
118.8,12,22.965751
104.0,10,22.966709
118.4,16,22.968229
118.3,17,22.969848
104.0,10,22.970799
118.9,11,22.971828
103.6,14,22.973123
104.0,10,22.974079
104.0,10,22.975006
133.6,14,22.976305
118.9,11,22.977336
104.0,10,22.978267
118.9,11,22.979275
118.3,17,22.980838
104.0,10,22.981765
118.5,15,22.983161
118.4,16,22.984651
118.8,12,22.985752
118.6,14,22.987031
118.4,16,22.9885
118.9,11,22.989505
103.2,18,22.991301
118.9,11,22.992322
118.8,12,22.993439
133.7,13,22.994599
118.5,15,22.995932
104.0,10,22.996839
118.6,14,22.998084
118.9,11,22.999066
118.3,17,23.000607
104.0,10,23.001495
118.6,14,23.002734
118.9,11,23.003713
118.9,11,23.004693
118.3,17,23.006204
104.0,10,23.007117
104.0,10,23.008014
104.0,10,23.008906
104.0,10,23.009819
118.2,18,23.011421
118.7,13,23.012579
104.0,10,23.013466
118.8,12,23.014524
148.2,18,23.016106
118.5,15,23.017428
104.0,10,23.018316
118.2,18,23.0199
118.7,13,23.021053
118.7,13,23.022203
118.4,16,23.023608
133.4,16,23.025024
133.5,15,23.026352
118.7,13,23.027502
104.0,10,23.028392
118.8,12,23.029461
104.0,10,23.030357
118.5,15,23.031691
118.6,14,23.032936
118.8,12,23.034004
118.7,13,23.035147
104.0,10,23.036032
104.0,10,23.03692
118.5,15,23.03825
104.0,10,23.039141
103.9,11,23.040121
118.7,13,23.041276
104.0,10,23.042161
118.5,15,23.043486
118.7,13,23.04464
118.7,13,23.045802
118.9,11,23.046783
118.2,18,23.048363
118.8,12,23.04943
118.9,11,23.050413
118.2,18,23.051996
118.7,13,23.053148
118.9,11,23.054123
104.0,10,23.055013
104.0,10,23.055902
118.8,12,23.056967
133.4,16,23.05838
118.5,15,23.059708
118.8,12,23.256033
118.8,12,23.257173
118.2,18,23.258825
118.3,17,23.260373
104.0,10,23.26129
104.0,10,23.262218
118.9,11,23.263223
103.5,15,23.264586
103.9,11,23.265597
133.2,18,23.267226
104.0,10,23.268133
118.9,11,23.269171
103.4,16,23.270614
118.6,14,23.271887
118.8,12,23.27301
118.8,12,23.274284
118.7,13,23.275529
118.9,11,23.2767
132.7,23,23.278828
118.6,14,23.2801
133.4,16,23.281558
118.5,15,23.282938
118.7,13,23.284113
118.9,11,23.285122
118.8,12,23.286221
104.0,10,23.287121
104.0,10,23.288048
118.4,16,23.289477
118.4,16,23.290919
118.6,14,23.292172
118.9,11,23.293184
118.3,17,23.294741
118.6,14,23.296005
118.9,11,23.297002
104.0,10,23.297909
104.0,10,23.298914
118.1,19,23.30072
104.0,10,23.301642
104.0,10,23.302579
118.4,16,23.304039
104.0,10,23.304967
118.4,16,23.306471
104.0,10,23.307417
118.9,11,23.308444
118.7,13,23.309649
104.0,10,23.310614
104.0,10,23.311525
104.0,10,23.312456
118.5,15,23.313815
118.8,12,23.314942
118.6,14,23.31624
104.0,10,23.317178
103.4,16,23.318648
118.9,11,23.319649
133.2,18,23.321307
118.5,15,23.322685
118.5,15,23.32405
118.9,11,23.325058
118.9,11,23.326073
104.0,10,23.327079
118.3,17,23.328615
104.0,10,23.329514
118.4,16,23.33096
118.9,11,23.331963
103.9,11,23.332973
118.7,13,23.33415
118.6,14,23.335428
118.9,11,23.336433
104.0,10,23.337327
118.9,11,23.338353
103.9,11,23.339419
118.8,12,23.340614
104.0,10,23.34165
103.9,11,23.342711
104.0,10,23.343649
118.9,11,23.344667
133.6,14,23.345987
133.7,13,23.347158
104.0,10,23.348097
148.4,16,23.349537
103.9,11,23.350559
118.9,11,23.351555
103.0,20,23.353343
118.4,16,23.35485
118.5,15,23.356231
118.4,16,23.357683
133.4,16,23.359163
118.0,20,23.360948
118.9,11,23.361941
118.6,14,23.36328
118.6,14,23.364553
118.9,11,23.365547
104.0,10,23.366534
118.9,11,23.367546
118.3,17,23.36909
118.5,15,23.370487
133.1,19,23.372218
118.6,14,23.373676
118.5,15,23.375133
118.6,14,23.376486
133.6,14,23.377781
104.0,10,23.378696
118.7,13,23.379889
118.7,13,23.381077
104.0,10,23.382006
133.4,16,23.383471
118.5,15,23.384843
104.0,10,23.385754
118.4,16,23.387201
133.8,12,23.38829
104.0,10,23.389201
118.8,12,23.390295
104.0,10,23.391208
103.2,18,23.392845
104.0,10,23.39378
103.3,17,23.39531
118.9,11,23.396309
118.8,12,23.397397
104.0,10,23.398308
118.7,13,23.399482
118.4,16,23.400925
118.7,13,23.402099
118.3,17,23.403632
118.8,12,23.404717
104.0,10,23.405623
118.6,14,23.406882
104.0,10,23.407808
118.9,11,23.408801
103.7,13,23.409972
118.3,17,23.411495
118.4,16,23.412927
118.5,15,23.414275
133.3,17,23.415798
118.7,13,23.416971
118.2,18,23.41858
118.1,19,23.420278
118.8,12,23.421359
133.1,19,23.423055
103.9,11,23.424054
118.4,16,23.425495
118.9,11,23.426485
118.6,14,23.427741
104.0,10,23.428646
104.0,10,23.429544
118.8,12,23.430626
118.7,13,23.43179
118.8,12,23.432879
118.9,11,23.433882
104.0,10,23.434782
118.9,11,23.435781
104.0,10,23.436688
118.6,14,23.437947
118.4,16,23.439374
118.8,12,23.440469
118.3,17,23.441987
118.7,13,23.443153
118.7,13,23.639839
104.0,10,23.640798
104.0,10,23.641722
118.2,18,23.643359
133.7,13,23.64454
118.3,17,23.646072
104.0,10,23.646972
118.6,14,23.64823
118.8,12,23.649312
118.7,13,23.650477
118.9,11,23.651469
104.0,10,23.652372
118.6,14,23.653622
104.0,10,23.654515
104.0,10,23.655415
118.6,14,23.656666
118.4,16,23.658138
104.0,10,23.659198
104.0,10,23.660173
118.9,11,23.661271
118.8,12,23.662355
118.2,18,23.663998
118.9,11,23.664984
104.0,10,23.665905
118.1,19,23.667614
118.4,16,23.669056
104.0,10,23.669971
118.6,14,23.671333
132.7,23,23.673542
118.6,14,23.674843
104.0,10,23.675784
118.2,18,23.677449
104.0,10,23.67837
103.1,19,23.680107
104.0,10,23.681027
103.7,13,23.68222
118.4,16,23.683747
104.0,10,23.684666
118.6,14,23.685959
118.9,11,23.686981
104.0,10,23.687904
118.4,16,23.68937
118.7,13,23.69055
103.5,15,23.691933
104.0,10,23.692864
118.7,13,23.694056
118.6,14,23.695368
118.8,12,23.696468
118.5,15,23.697856
118.8,12,23.698963
118.8,12,23.700083
104.0,10,23.70101
104.0,10,23.701954
118.7,13,23.703172
104.0,10,23.704092
103.5,15,23.705458
118.3,17,23.706991
118.7,13,23.708184
132.9,21,23.710083
118.9,11,23.711099
118.8,12,23.7122
118.4,16,23.713667
103.9,11,23.714663
118.8,12,23.715775
118.6,14,23.717066
118.5,15,23.718435
118.5,15,23.719809
118.6,14,23.721078
104.0,10,23.722
118.9,11,23.72302
133.4,16,23.724462
104.0,10,23.725383
118.4,16,23.726868
104.0,10,23.727803
104.0,10,23.728708
104.0,10,23.729645
103.9,11,23.730638
118.8,12,23.731856
104.0,10,23.732811
103.8,12,23.733971
118.4,16,23.735465
118.5,15,23.736831
104.0,10,23.737768
118.5,15,23.739153
103.9,11,23.740165
104.0,10,23.741092
118.8,12,23.742192
118.7,13,23.743397
118.7,13,23.744602
104.0,10,23.745538
118.5,15,23.746896
118.7,13,23.748098
118.3,17,23.749672
132.7,23,23.751766
118.8,12,23.752856
104.0,10,23.7538
104.0,10,23.754713
118.7,13,23.755924
118.8,12,23.757022
104.0,10,23.757978
104.0,10,23.758892
133.5,15,23.76025
103.9,11,23.761256
118.6,14,23.762523
104.0,10,23.763431
118.9,11,23.764423
118.7,13,23.765596
118.2,18,23.767264
104.0,10,23.768175
104.0,10,23.76908
118.7,13,23.770252
118.7,13,23.77144
104.0,10,23.772347
118.8,12,23.773426
118.9,11,23.774441
104.0,10,23.775352
118.9,11,23.776366
118.7,13,23.777548
118.5,15,23.778909
118.8,12,23.779998
118.7,13,23.781171
118.7,13,23.782341
118.9,11,23.783328
118.8,12,23.784413
118.6,14,23.785678
133.4,16,23.787119
104.0,10,23.788024
118.4,16,23.789453
104.0,10,23.790361
118.5,15,23.791721
118.4,16,23.793161
118.8,12,23.79424
118.9,11,23.795232
104.0,10,23.796137
133.7,13,23.797312
118.4,16,23.798752
118.9,11,23.799743
133.4,16,23.801174
104.0,10,23.802082
104.0,10,23.802987
104.0,10,23.803896
118.2,18,23.805511
118.8,12,23.806598
118.9,11,23.807595
118.7,13,23.808764
104.0,10,23.80968
118.7,13,23.810858
118.7,13,23.81203
118.9,11,23.813022
104.0,10,23.813931
104.0,10,23.814847
133.4,16,23.816295
118.8,12,23.817381
118.7,13,23.818559
104.0,10,23.819459
104.0,10,23.820363
118.6,14,23.82162
118.4,16,23.823062
104.0,10,23.823971
104.0,10,23.824872
118.7,13,23.826047
118.8,12,24.021511
118.6,14,24.02285
118.7,13,24.024033
118.7,13,24.025214
118.7,13,24.026391
118.9,11,24.027385
118.7,13,24.028548
104.0,10,24.029454
118.8,12,24.030526
118.6,14,24.031783
118.5,15,24.03312
118.7,13,24.034285
118.6,14,24.035532
118.7,13,24.036695
118.6,14,24.037942
118.9,11,24.038926
118.6,14,24.040201
118.2,18,24.041975
133.6,14,24.043313
118.6,14,24.044615
118.3,17,24.046186
118.8,12,24.04728
118.7,13,24.048487
104.0,10,24.049398
118.4,16,24.050934
104.0,10,24.051876
118.5,15,24.053228
118.4,16,24.054719
118.8,12,24.055814
118.8,12,24.056893
118.8,12,24.058042
118.8,12,24.059148
118.4,16,24.060616
118.6,14,24.061908
104.0,10,24.062808
104.0,10,24.063723
118.7,13,24.064893
104.0,10,24.066014
118.9,11,24.067114
118.8,12,24.068271
104.0,10,24.069205
118.5,15,24.070605
104.0,10,24.071544
118.9,11,24.072574
117.8,22,24.074587
118.9,11,24.075604
104.0,10,24.076571
104.0,10,24.077525
118.4,16,24.079008
118.7,13,24.080223
103.5,15,24.081602
118.6,14,24.082967
104.0,10,24.083911
118.8,12,24.085016
118.5,15,24.086395
118.7,13,24.087569
118.9,11,24.088565
104.0,10,24.08947
118.4,16,24.091069
104.0,10,24.092009
118.8,12,24.093133
104.0,10,24.094092
118.8,12,24.095191
104.0,10,24.096147
118.7,13,24.09733
104.0,10,24.098258
104.0,10,24.099173
103.9,11,24.100289
104.0,10,24.101221
103.3,17,24.102773
118.9,11,24.10378
118.4,16,24.105216
118.8,12,24.106481
118.7,13,24.107754
118.8,12,24.10889
133.5,15,24.110287
118.5,15,24.11169
118.5,15,24.113069
104.0,10,24.114028
104.0,10,24.11496
133.7,13,24.116147
118.5,15,24.117557
104.0,10,24.118492
104.0,10,24.119407
118.4,16,24.120878
104.0,10,24.12181
118.7,13,24.122995
104.0,10,24.123918
103.9,11,24.124935
118.4,16,24.12654
118.2,18,24.128218
118.6,14,24.129514
118.9,11,24.130531
118.6,14,24.131808
104.0,10,24.13274
118.8,12,24.133856
118.9,11,24.13486
118.8,12,24.13597
118.8,12,24.137053
104.0,10,24.138007
118.3,17,24.139551
118.4,16,24.141042
118.7,13,24.142227
104.0,10,24.143155
118.5,15,24.144511
118.9,11,24.145517
118.2,18,24.147135
118.7,13,24.148315
118.7,13,24.149497
118.9,11,24.150505
118.6,14,24.151771
118.6,14,24.153029
118.6,14,24.154291
104.0,10,24.155197
118.4,16,24.156627
103.9,11,24.157639
118.8,12,24.158728
118.3,17,24.160288
118.4,16,24.161726
118.8,12,24.162814
118.6,14,24.164082
118.8,12,24.165167
104.0,10,24.166068
104.0,10,24.166981
118.6,14,24.168246
118.4,16,24.169691
118.9,11,24.17069
118.3,17,24.172233
118.8,12,24.173321
118.4,16,24.174779
118.4,16,24.176219
133.4,16,24.177658
104.0,10,24.178576
118.8,12,24.17966
103.7,13,24.18083
118.7,13,24.18201
118.7,13,24.183187
118.9,11,24.184174
104.0,10,24.185081
118.8,12,24.186162
118.7,13,24.18734
118.4,16,24.188793
118.8,12,24.189878
118.7,13,24.191051
118.8,12,24.192136
104.0,10,24.193045
118.9,11,24.194051
118.8,12,24.19513
104.0,10,24.196037
118.8,12,24.197119
104.0,10,24.198025
118.4,16,24.199468
118.8,12,24.200558
118.7,13,24.201729
118.9,11,24.202726
132.9,21,24.204599
118.6,14,24.205859
104.0,10,24.206768
118.7,13,24.207949
104.0,10,24.208852
133.8,12,24.209937
104.0,10,24.405548
104.0,10,24.406508
103.6,14,24.407813
104.0,10,24.408733
118.9,11,24.409754
118.7,13,24.410952
118.3,17,24.412502
133.5,15,24.413878
133.5,15,24.415255
104.0,10,24.416173
104.0,10,24.417089
118.7,13,24.418279
133.6,14,24.419558
118.9,11,24.420571
132.9,21,24.42247
118.4,16,24.423955
118.4,16,24.425455
118.2,18,24.427153
118.5,15,24.428514
104.0,10,24.429583
104.0,10,24.430539
118.6,14,24.431894
118.5,15,24.433291
133.1,19,24.435057
118.7,13,24.436246
104.0,10,24.437195
133.4,16,24.438671
104.0,10,24.439606
118.2,18,24.441409
118.3,17,24.443007
118.9,11,24.444027
132.9,21,24.445922
118.8,12,24.447022
118.2,18,24.448665
133.5,15,24.450044
118.2,18,24.451852
133.2,18,24.453592
118.7,13,24.454791
104.0,10,24.455716
118.6,14,24.457059
118.5,15,24.458468
118.9,11,24.459475
118.7,13,24.460687
118.7,13,24.461876
118.7,13,24.463079
118.3,17,24.464634
104.0,10,24.465563
118.3,17,24.46714
118.8,12,24.468234
104.0,10,24.469184
133.3,17,24.470721
118.7,13,24.471908
103.6,14,24.473282
133.6,14,24.474617
118.8,12,24.475734
104.0,10,24.476679
118.5,15,24.478205
118.8,12,24.479329
118.2,18,24.480965
118.2,18,24.482575
104.0,10,24.483534
118.9,11,24.48452
118.5,15,24.485975
118.7,13,24.487189
118.9,11,24.488182
118.5,15,24.489651
118.7,13,24.490874
118.8,12,24.49197
118.4,16,24.493525
104.0,10,24.49447
103.8,12,24.49556
118.7,13,24.496769
104.0,10,24.497721
118.4,16,24.499203
132.0,30,24.501922
103.6,14,24.503208
118.8,12,24.504283
104.0,10,24.505213
118.3,17,24.506745
118.8,12,24.507866
104.0,10,24.508792
104.0,10,24.509816
103.9,11,24.510839
132.9,21,24.51275
118.8,12,24.513844
118.6,14,24.515105
118.6,14,24.516369
118.8,12,24.517495
118.7,13,24.518665
118.9,11,24.519666
118.1,19,24.521373
104.0,10,24.522268
118.4,16,24.523742
118.5,15,24.525167
118.8,12,24.526303
118.7,13,24.527493
104.0,10,24.52841
118.2,18,24.530031
118.2,18,24.531649
118.5,15,24.533056
104.0,10,24.534033
104.0,10,24.53497
104.0,10,24.535914
118.8,12,24.537011
103.9,11,24.53801
104.0,10,24.538927
104.0,10,24.539835
118.6,14,24.541122
118.9,11,24.542126
118.7,13,24.543323
104.0,10,24.544247
118.5,15,24.545606
104.0,10,24.546516
118.9,11,24.547507
118.5,15,24.548859
118.6,14,24.550124
133.5,15,24.551472
118.4,16,24.55292
133.6,14,24.554192
118.6,14,24.555459
133.5,15,24.556825
104.0,10,24.557757
104.0,10,24.558672
103.9,11,24.559672
118.2,18,24.561291
133.5,15,24.562647
118.6,14,24.563924
118.9,11,24.564923
118.5,15,24.566273
118.5,15,24.567614
118.8,12,24.568702
118.3,17,24.570237
118.6,14,24.571526
118.5,15,24.572886
118.5,15,24.574251
104.0,10,24.575156
118.5,15,24.576511
118.8,12,24.577597
104.0,10,24.578509
104.0,10,24.57942
104.0,10,24.580324
103.9,11,24.581322
103.9,11,24.582317
118.8,12,24.583401
118.8,12,24.584491
133.8,12,24.585586
104.0,10,24.58649
104.0,10,24.587395
118.7,13,24.588568
118.2,18,24.590192
133.4,16,24.591641
118.8,12,24.592731
118.6,14,24.788132
118.9,11,24.789177
104.0,10,24.790095
103.9,11,24.791083
133.8,12,24.792164
118.6,14,24.793422
103.3,17,24.794942
133.4,16,24.796366
118.9,11,24.797355
104.0,10,24.798261
103.9,11,24.799245
118.7,13,24.800408
103.9,11,24.801392
118.6,14,24.802644
118.5,15,24.803995
133.1,19,24.805804
118.4,16,24.807246
104.0,10,24.808173
118.7,13,24.809332
104.0,10,24.810251
133.7,13,24.811626
133.4,16,24.81311
143.4,66,24.819309
103.9,11,24.820331
104.0,10,24.821256
118.9,11,24.822284
133.3,17,24.823838
104.0,10,24.824754
118.8,12,24.825846
118.3,17,24.827548
118.6,14,24.828864
104.0,10,24.829793
104.0,10,24.830834
118.2,18,24.832542
104.0,10,24.833487
133.7,13,24.834721
118.5,15,24.836106
118.9,11,24.837113
118.9,11,24.838149
118.8,12,24.839247
118.8,12,24.840351
118.7,13,24.841531
118.6,14,24.84292
118.7,13,24.844139
118.5,15,24.845488
104.0,10,24.84654
104.0,10,24.847483
133.5,15,24.848847
118.9,11,24.849871
118.6,14,24.851192
118.7,13,24.852377
118.4,16,24.853819
104.0,10,24.854805
118.7,13,24.856
104.0,10,24.856907
118.9,11,24.857904
118.2,18,24.859573
118.9,11,24.860559
104.0,10,24.861459
118.8,12,24.862557
118.2,18,24.864166
118.8,12,24.865248
118.5,15,24.866787
118.3,17,24.86838
133.3,17,24.869934
118.8,12,24.871068
118.9,11,24.872099
104.0,10,24.873012
118.8,12,24.874136
118.9,11,24.875204
104.0,10,24.876158
118.7,13,24.877362
133.5,15,24.878721
118.7,13,24.879907
118.9,11,24.880888
104.0,10,24.881779
104.0,10,24.882699
104.0,10,24.883631
104.0,10,24.884549
133.7,13,24.885714
133.5,15,24.887181
118.2,18,24.88888
118.8,12,24.889999
118.9,11,24.891135
118.7,13,24.892339
118.4,16,24.893817
104.0,10,24.894813
118.2,18,24.896511
133.2,18,24.898146
118.9,11,24.899199
118.6,14,24.900506
118.1,19,24.90226
118.9,11,24.903291
118.7,13,24.904473
118.9,11,24.90547
118.5,15,24.906953
118.6,14,24.908256
104.0,10,24.909173
104.0,10,24.91008
118.6,14,24.911337
118.6,14,24.912592
118.8,12,24.913662
104.0,10,24.914559
118.9,11,24.915546
104.0,10,24.916468
118.7,13,24.917644
104.0,10,24.91855
118.9,11,24.919541
104.0,10,24.920443
118.8,12,24.921512
103.9,11,24.922496
118.6,14,24.923753
104.0,10,24.924644
118.7,13,24.925803
118.6,14,24.927086
118.7,13,24.928238
103.9,11,24.929217
104.0,10,24.930111
118.9,11,24.931093
133.3,17,24.932598
118.7,13,24.933759
133.6,14,24.935007
104.0,10,24.935894
118.9,11,24.936878
118.4,16,24.938288
118.5,15,24.939616
118.5,15,24.940955
118.4,16,24.94237
118.6,14,24.943612
103.9,11,24.944591
104.0,10,24.945483
118.4,16,24.946904
118.7,13,24.948067
118.8,12,24.949136
118.7,13,24.950303
118.3,17,24.951806
103.3,17,24.95331
104.0,10,24.954203
118.8,12,24.95527
118.6,14,24.956522
104.0,10,24.957413
118.8,12,24.958483
118.4,16,24.95989
118.4,16,24.961302
118.8,12,24.962365
118.2,18,24.963956
104.0,10,24.964852
104.0,10,24.965743
118.2,18,24.967341
104.0,10,24.968225
118.2,18,24.969817
118.9,11,24.970803
103.3,17,24.972326
118.9,11,24.973308
133.1,19,24.97499
118.5,15,25.170618
104.0,10,25.171579
118.8,12,25.172666
118.9,11,25.17365
118.4,16,25.175071
104.0,10,25.175959
104.0,10,25.17685
118.7,13,25.178
118.4,16,25.179413
118.9,11,25.180387
118.4,16,25.181797
118.6,14,25.183027
118.7,13,25.184166
104.0,10,25.185049
133.6,14,25.186277
103.9,11,25.187256
118.8,12,25.18834
118.7,13,25.189573
118.8,12,25.190663
118.5,15,25.191999
104.0,10,25.192882
104.0,10,25.193941
118.3,17,25.195567
118.8,12,25.196697
118.8,12,25.197864
118.9,11,25.198873
118.7,13,25.200069
118.3,17,25.20159
118.7,13,25.202771
118.8,12,25.203835
118.6,14,25.205088
118.7,13,25.20626
104.0,10,25.207159
118.5,15,25.208476
104.0,10,25.209389
118.3,17,25.210937
118.6,14,25.212173
118.9,11,25.213154
118.4,16,25.214725
118.6,14,25.216042
118.8,12,25.217186
118.8,12,25.218475
104.0,10,25.219401
104.0,10,25.220317
118.6,14,25.221677
118.9,11,25.222692
118.9,11,25.223696
104.0,10,25.224608
118.4,16,25.226056
103.0,20,25.227842
118.4,16,25.229385
118.5,15,25.23079
133.4,16,25.232254
103.9,11,25.233307
104.0,10,25.234291
118.9,11,25.235325
103.3,17,25.236885
118.8,12,25.238013
133.7,13,25.239226
104.0,10,25.240152
104.0,10,25.241088
104.0,10,25.24204
104.0,10,25.242996
118.5,15,25.244359
118.8,12,25.245486
104.0,10,25.246414
104.0,10,25.247334
118.8,12,25.248424
118.8,12,25.249547
118.5,15,25.250931
104.0,10,25.251833
104.0,10,25.25274
133.6,14,25.254037
118.5,15,25.255413
118.7,13,25.256591
118.6,14,25.258053
118.4,16,25.259627
118.8,12,25.260742
118.4,16,25.262256
133.6,14,25.26355
118.3,17,25.265097
118.7,13,25.266372
118.5,15,25.267783
118.9,11,25.268793
118.5,15,25.270175
103.5,15,25.271567
118.7,13,25.27276
118.5,15,25.274174
118.6,14,25.275464
104.0,10,25.276405
118.3,17,25.277979
118.9,11,25.279006
118.3,17,25.280548
103.9,11,25.281641
118.6,14,25.282987
103.7,13,25.284169
104.0,10,25.285079
104.0,10,25.286098
118.6,14,25.287423
104.0,10,25.288365
118.7,13,25.289573
118.8,12,25.290673
118.8,12,25.29175
103.9,11,25.292747
104.0,10,25.293647
118.4,16,25.295069
118.7,13,25.296244
104.0,10,25.297141
118.8,12,25.298207
104.0,10,25.299103
118.6,14,25.300388
118.6,14,25.301638
118.9,11,25.30262
118.5,15,25.303952
118.9,11,25.304928
118.9,11,25.305916
118.7,13,25.307094
133.6,14,25.308339
118.8,12,25.309408
118.6,14,25.310686
118.7,13,25.311843
118.8,12,25.31291
104.0,10,25.313798
118.7,13,25.314949
104.0,10,25.315844
118.6,14,25.317089
118.2,18,25.31869
118.9,11,25.31967
118.8,12,25.320744
104.0,10,25.321636
118.1,19,25.323309
118.7,13,25.324476
103.6,14,25.325716
103.9,11,25.326693
118.9,11,25.32767
104.0,10,25.32856
118.8,12,25.32963
103.9,11,25.330618
103.7,13,25.331766
104.0,10,25.332654
103.5,15,25.333981
118.8,12,25.335044
118.8,12,25.336112
104.0,10,25.337003
118.9,11,25.337982
118.8,12,25.339054
118.8,12,25.340118
104.0,10,25.34101
118.8,12,25.342077
118.9,11,25.343057
118.8,12,25.34412
104.0,10,25.345006
118.8,12,25.346082
133.7,13,25.347235
118.3,17,25.348741
118.3,17,25.350361
104.0,10,25.351299
118.7,13,25.352506
118.5,15,25.353877
118.9,11,25.354884
118.8,12,25.355979
103.7,13,25.357154
118.5,15,25.552787
118.7,13,25.553985
118.8,12,25.555068
104.0,10,25.555968
118.8,12,25.557042
104.0,10,25.55794
103.9,11,25.558922
133.8,12,25.559996
104.0,10,25.560896
133.6,14,25.562147
104.0,10,25.563044
118.9,11,25.564025
118.7,13,25.565183
118.6,14,25.566432
104.0,10,25.567327
118.3,17,25.568828
118.4,16,25.570286
118.9,11,25.571446
118.4,16,25.573016
104.0,10,25.574061
104.0,10,25.575011
104.0,10,25.576143
104.0,10,25.577134
118.8,12,25.578299
118.6,14,25.579629
104.0,10,25.580577
104.0,10,25.581536
118.8,12,25.582644
118.5,15,25.58419
104.0,10,25.585167
104.0,10,25.586108
118.8,12,25.587227
118.6,14,25.588523
104.0,10,25.589463
118.5,15,25.590843
118.2,18,25.592522
118.4,16,25.594
118.6,14,25.595315
118.9,11,25.596331
118.5,15,25.597715
118.6,14,25.59902
104.0,10,25.59996
104.0,10,25.600905
118.3,17,25.602459
118.9,11,25.603502
118.7,13,25.604706
118.8,12,25.605826
118.4,16,25.607347
118.7,13,25.608561
104.0,10,25.609492
118.6,14,25.610772
118.2,18,25.612541
104.0,10,25.613487
118.9,11,25.61448
118.4,16,25.616121
118.5,15,25.617587
118.5,15,25.618974
118.6,14,25.620279
118.9,11,25.621305
118.4,16,25.62278
118.6,14,25.624105
118.9,11,25.62513
118.4,16,25.62662
104.0,10,25.627556
104.0,10,25.628484
118.4,16,25.629968
118.7,13,25.63117
104.0,10,25.632104
118.6,14,25.633412
118.7,13,25.634633
118.6,14,25.635947
118.3,17,25.637506
118.8,12,25.638624
118.6,14,25.639943
104.0,10,25.640876
104.0,10,25.641804
118.2,18,25.643508
118.9,11,25.644526
104.0,10,25.645479
118.6,14,25.646752
103.6,14,25.648057
103.3,17,25.649631
133.7,13,25.65083
118.2,18,25.652508
118.4,16,25.653988
118.7,13,25.655186
118.8,12,25.656382
118.7,13,25.657613
104.0,10,25.658545
118.7,13,25.659769
104.0,10,25.660695
118.9,11,25.661693
103.1,19,25.663426
118.1,19,25.665303
104.0,10,25.666291
118.7,13,25.667516
104.0,10,25.668448
118.9,11,25.669484
118.3,17,25.67108
118.3,17,25.672648
118.5,15,25.674032
118.6,14,25.675314
118.4,16,25.676816
118.6,14,25.678096
118.5,15,25.679463
103.7,13,25.680646
103.9,11,25.681651
118.2,18,25.683336
104.0,10,25.684253
118.7,13,25.68544
118.6,14,25.686715
104.0,10,25.687629
133.8,12,25.688732
118.6,14,25.69001
118.6,14,25.691306
133.8,12,25.692406
118.8,12,25.693545
118.9,11,25.694553
104.0,10,25.695474
118.8,12,25.696571
118.9,11,25.697578
118.6,14,25.698848
118.9,11,25.699857
118.9,11,25.700863
118.8,12,25.701953
104.0,10,25.702874
118.4,16,25.704336
118.9,11,25.705347
118.8,12,25.706444
118.5,15,25.707822
118.4,16,25.709283
118.9,11,25.710287
118.4,16,25.711738
104.0,10,25.712653
118.9,11,25.713664
118.8,12,25.714755
104.0,10,25.71567
118.6,14,25.716956
118.2,18,25.718585
104.0,10,25.719499
118.9,11,25.720507
118.6,14,25.721783
118.5,15,25.723155
118.3,17,25.724701
104.0,10,25.725616
118.8,12,25.726717
104.0,10,25.727634
118.4,16,25.729091
104.0,10,25.730008
118.4,16,25.731458
118.9,11,25.732469
118.2,18,25.73411
118.9,11,25.73512
104.0,10,25.736036
118.5,15,25.7374
104.0,10,25.738329
104.0,10,25.739253
118.5,15,25.740623
118.6,14,25.936461
118.8,12,25.937642
118.8,12,25.938771
118.8,12,25.939884
118.3,17,25.941472
118.5,15,25.942853
118.9,11,25.943871
118.8,12,25.944973
118.5,15,25.946355
104.0,10,25.947274
118.4,16,25.948729
118.7,13,25.949918
104.0,10,25.950844
104.0,10,25.951792
118.8,12,25.952924
118.3,17,25.95451
104.0,10,25.955456
118.8,12,25.956567
118.6,14,25.957852
104.0,10,25.958785
118.7,13,25.959977
104.0,10,25.96092
118.9,11,25.961947
118.8,12,25.963086
118.9,11,25.964097
118.2,18,25.965771
104.0,10,25.96673
118.9,11,25.967768
118.9,11,25.968802
118.7,13,25.970012
118.9,11,25.971048
133.5,15,25.972411
118.6,14,25.973714
118.8,12,25.974811
118.4,16,25.976281
133.7,13,25.977692
118.8,12,25.978835
118.5,15,25.980211
118.9,11,25.981227
118.9,11,25.982226
118.5,15,25.983601
148.4,16,25.985117
118.6,14,25.986508
118.9,11,25.987568
118.7,13,25.988775
118.2,18,25.990454
118.5,15,25.99186
104.0,10,25.992798
104.0,10,25.993743
118.8,12,25.994854
118.3,17,25.996413
118.7,13,25.997657
118.9,11,25.998689
118.5,15,26.000114
118.6,14,26.001533
118.7,13,26.002776
118.8,12,26.0039
118.6,14,26.005205
118.3,17,26.00675
118.1,19,26.008463
118.9,11,26.009483
118.6,14,26.010761
118.9,11,26.011766
133.7,13,26.012961
104.0,10,26.013865
118.4,16,26.015306
104.0,10,26.016217
118.8,12,26.017441
118.4,16,26.018899
104.0,10,26.019802
118.7,13,26.020974
118.7,13,26.022254
104.0,10,26.023228
118.5,15,26.02462
118.6,14,26.025958
118.3,17,26.027515
104.0,10,26.028435
104.0,10,26.029372
118.9,11,26.03038
118.9,11,26.031412
118.5,15,26.032788
104.0,10,26.03383
118.6,14,26.035115
133.5,15,26.036472
118.7,13,26.037666
118.4,16,26.03911
118.3,17,26.040653
118.2,18,26.042393
133.8,12,26.043539
118.9,11,26.044559
118.7,13,26.04576
103.9,11,26.046785
104.0,10,26.047722
118.5,15,26.04924
118.8,12,26.050382
118.6,14,26.051689
104.0,10,26.052678
118.7,13,26.053918
104.0,10,26.054836
118.9,11,26.055848
118.6,14,26.057134
118.3,17,26.058684
104.0,10,26.059612
118.8,12,26.060718
104.0,10,26.061627
118.9,11,26.062635
104.0,10,26.063547
118.7,13,26.064729
118.3,17,26.066283
118.8,12,26.06739
104.0,10,26.068307
118.8,12,26.069406
104.0,10,26.070322
118.6,14,26.0716
118.8,12,26.072694
104.0,10,26.073618
118.8,12,26.074741
104.0,10,26.075679
118.9,11,26.076706
118.8,12,26.077834
104.0,10,26.078774
104.0,10,26.079715
118.1,19,26.08146
118.7,13,26.082666
118.5,15,26.084049
118.7,13,26.085237
118.2,18,26.086866
104.0,10,26.087788
118.8,12,26.088881
118.8,12,26.089978
133.5,15,26.091356
104.0,10,26.092276
118.9,11,26.093289
118.7,13,26.094476
118.6,14,26.095746
104.0,10,26.096655
118.4,16,26.098102
118.9,11,26.099107
118.4,16,26.100563
118.8,12,26.101653
104.0,10,26.102565
118.9,11,26.103569
118.5,15,26.104928
118.8,12,26.106019
118.7,13,26.107205
104.0,10,26.108117
118.3,17,26.109665
118.3,17,26.111205
118.9,11,26.112209
104.0,10,26.113121
118.2,18,26.11474
118.7,13,26.11592
118.7,13,26.117095
118.8,12,26.118194
104.0,10,26.119106
118.8,12,26.120195
118.7,13,26.12137
133.3,17,26.122909
104.0,10,26.123816
104.0,10,26.124728
118.6,14,26.125996
118.9,11,26.32179
118.7,13,26.323016
118.6,14,26.324304
118.6,14,26.325573
103.9,11,26.326573
104.0,10,26.327476
118.8,12,26.328562
118.6,14,26.329822
118.9,11,26.330817
118.9,11,26.33181
118.5,15,26.333158
118.4,16,26.334582
133.8,12,26.335661
104.0,10,26.336565
118.6,14,26.337822
104.0,10,26.338725
118.9,11,26.339712
118.8,12,26.34079
104.0,10,26.341693
118.8,12,26.342793
118.9,11,26.343846
104.0,10,26.344907
118.8,12,26.346086
133.5,15,26.347466
118.8,12,26.348595
118.5,15,26.349949
118.5,15,26.351312
118.6,14,26.352592
104.0,10,26.353495
133.7,13,26.354694
118.5,15,26.356041
103.9,11,26.357041
103.9,11,26.358031
118.7,13,26.359207
118.5,15,26.360693
104.0,10,26.361651
118.6,14,26.362972
104.0,10,26.363928
133.8,12,26.365044
118.5,15,26.36645
104.0,10,26.367403
104.0,10,26.368432
104.0,10,26.369467
118.8,12,26.37065
118.6,14,26.371976
118.9,11,26.37303
118.5,15,26.374423
104.0,10,26.375354
118.7,13,26.376668
118.3,17,26.378271
118.7,13,26.379494
133.6,14,26.38088
118.9,11,26.381894
118.7,13,26.383105
118.6,14,26.384467
133.5,15,26.385886
104.0,10,26.386829
118.9,11,26.387825
118.6,14,26.389124
118.5,15,26.390502
118.9,11,26.391501
133.2,18,26.393188
104.0,10,26.394121
118.5,15,26.395454
104.0,10,26.396443
104.0,10,26.397409
118.2,18,26.399042
118.8,12,26.400185
118.9,11,26.401313
118.9,11,26.402393
104.0,10,26.403332
104.0,10,26.404273
118.5,15,26.405704
104.0,10,26.406644
104.0,10,26.407545
118.9,11,26.408567
104.0,10,26.409489
104.0,10,26.41041
118.9,11,26.411412
118.6,14,26.412706
104.0,10,26.413605
118.9,11,26.414616
118.6,14,26.415867
118.5,15,26.417414
104.0,10,26.418396
103.9,11,26.419419
104.0,10,26.420356
118.5,15,26.421746
118.5,15,26.423141
104.0,10,26.424079
118.9,11,26.425107
118.7,13,26.42633
118.9,11,26.427363
118.4,16,26.428841
118.4,16,26.430313
133.7,13,26.431512
104.0,10,26.432473
104.0,10,26.433464
118.7,13,26.434715
104.0,10,26.43566
104.0,10,26.436635
118.2,18,26.438306
118.7,13,26.439522
103.9,11,26.440616
118.7,13,26.441854
104.0,10,26.442791
118.2,18,26.444491
118.5,15,26.445895
118.6,14,26.44718
118.9,11,26.448197
118.8,12,26.449299
104.0,10,26.450248
118.7,13,26.451437
118.4,16,26.452894
118.1,19,26.454621
104.0,10,26.455538
118.9,11,26.456537
118.7,13,26.457734
118.5,15,26.459094
103.5,15,26.460483
104.0,10,26.461394
118.6,14,26.462681
118.5,15,26.464046
118.6,14,26.465318
118.9,11,26.466323
118.8,12,26.467408
118.9,11,26.468415
104.0,10,26.469324
118.7,13,26.470497
118.7,13,26.471676
118.7,13,26.472861
118.8,12,26.47397
118.8,12,26.475059
118.5,15,26.476415
118.3,17,26.477949
118.6,14,26.479222
118.9,11,26.48022
118.5,15,26.481582
118.9,11,26.482585
118.9,11,26.483594
118.3,17,26.485133
118.9,11,26.48613
118.8,12,26.487219
118.7,13,26.488393
118.8,12,26.489481
118.5,15,26.490838
118.7,13,26.492025
103.7,13,26.493202
118.5,15,26.494564
118.7,13,26.495743
104.0,10,26.496653
118.8,12,26.497747
133.7,13,26.498927
118.4,16,26.50038
118.4,16,26.501818
104.0,10,26.502735
118.4,16,26.504181
118.5,15,26.505531
118.3,17,26.507072
118.8,12,26.508162
104.0,10,26.509072
133.8,12,26.510162
118.3,17,26.706195
104.0,10,26.707137
118.7,13,26.708318
104.0,10,26.709221
118.3,17,26.710728
118.4,16,26.712146
118.9,11,26.713129
118.9,11,26.714111
118.3,17,26.715629
118.8,12,26.716701
104.0,10,26.717614
104.0,10,26.718534
118.8,12,26.719668
104.0,10,26.720562
104.0,10,26.721507
118.3,17,26.723046
118.9,11,26.72405
118.7,13,26.725229
118.4,16,26.72668
118.9,11,26.727689
104.0,10,26.728585
104.0,10,26.7295
118.8,12,26.730591
118.9,11,26.731618
118.4,16,26.733054
118.9,11,26.734068
118.7,13,26.735241
118.8,12,26.736314
118.9,11,26.737295
104.0,10,26.738203
103.9,11,26.739187
104.0,10,26.740297
118.7,13,26.741559
133.6,14,26.742854
118.8,12,26.744208
118.7,13,26.745447
118.8,12,26.746567
118.5,15,26.748048
118.4,16,26.749579
118.6,14,26.750876
118.9,11,26.751938
118.5,15,26.753322
104.0,10,26.754251
104.0,10,26.755177
118.7,13,26.756377
118.5,15,26.75778
118.6,14,26.759061
118.9,11,26.760105
104.0,10,26.761021
118.5,15,26.762389
118.3,17,26.763942
118.5,15,26.765312
118.5,15,26.766713
118.5,15,26.768357
118.5,15,26.769808
104.0,10,26.770738
118.2,18,26.7725
118.6,14,26.773809
104.0,10,26.77473
118.3,17,26.776296
118.8,12,26.777386
118.6,14,26.778677
104.0,10,26.779628
104.0,10,26.780609
118.3,17,26.782162
132.2,28,26.784761
118.6,14,26.786058
118.6,14,26.787334
118.4,16,26.788791
118.5,16,26.790269
118.5,15,26.791666
118.8,12,26.792768
104.0,10,26.793702
118.3,17,26.795242
118.7,13,26.796442
104.0,10,26.79737
118.5,15,26.798744
133.4,16,26.800362
104.0,10,26.801292
118.4,16,26.802783
118.7,13,26.803985
118.5,15,26.805331
118.8,12,26.806429
118.5,15,26.80781
118.4,16,26.809263
104.0,10,26.810191
118.3,17,26.811751
118.9,11,26.812744
104.0,10,26.813674
104.0,10,26.814573
104.0,10,26.815474
118.6,14,26.816745
103.9,11,26.817758
133.8,12,26.818867
118.6,14,26.820126
118.9,11,26.821119
118.7,13,26.822288
118.5,15,26.823628
118.9,11,26.824614
118.6,14,26.825867
118.8,12,26.826956
118.8,12,26.828041
118.5,15,26.829375
118.8,12,26.830449
118.6,14,26.831702
118.4,16,26.833143
118.9,11,26.834146
104.0,10,26.835041
118.6,14,26.836293
104.0,10,26.837193
104.0,10,26.838088
118.8,12,26.839161
118.9,11,26.840145
104.0,10,26.841052
118.9,11,26.842037
118.6,14,26.84332
104.0,10,26.84423
118.9,11,26.845213
104.0,10,26.846115
118.5,15,26.847446
104.0,10,26.848345
104.0,10,26.849241
118.7,13,26.850403
118.6,14,26.851656
118.5,15,26.852987
118.8,12,26.854059
104.0,10,26.854955
118.9,11,26.855945
118.5,15,26.857298
118.9,11,26.858282
118.5,15,26.859618
133.6,14,26.860868
133.6,14,26.862119
133.4,16,26.863544
118.7,13,26.864708
118.8,12,26.865785
118.8,12,26.86686
104.0,10,26.867758
103.9,11,26.868742
104.0,10,26.869637
118.7,13,26.870795
118.8,12,26.87187
118.5,15,26.87321
118.9,11,26.874197
118.7,13,26.875356
104.0,10,26.876256
104.0,10,26.877166
118.8,12,26.878242
118.4,16,26.879665
118.9,11,26.880652
118.6,14,26.881906
118.9,11,26.882897
118.7,13,26.884056
118.9,11,26.885038
118.7,13,26.886195
118.7,13,26.887359
118.8,12,26.888432
118.7,13,26.8896
104.0,10,26.890496
118.4,16,26.891913
118.4,16,27.08831
118.6,14,27.089642
118.9,11,27.090666
133.5,15,27.092032
104.0,10,27.092951
103.7,13,27.094131
118.3,17,27.095673
118.5,15,27.097027
118.7,13,27.098211
118.6,14,27.099472
104.0,10,27.100379
103.9,11,27.101379
118.7,13,27.102554
104.0,10,27.103459
104.0,10,27.104376
133.8,12,27.105493
118.6,14,27.10692
118.0,20,27.108837
104.0,10,27.109755
104.0,10,27.110819
104.0,10,27.111804
118.3,17,27.113369
118.7,13,27.114601
118.8,12,27.115725
118.4,16,27.117205
118.6,14,27.118538
118.6,14,27.119841
118.7,13,27.121021
118.8,12,27.122141
104.0,10,27.123075
118.9,11,27.124077
133.6,14,27.125349
104.0,10,27.126306
118.8,12,27.127411
118.4,16,27.128864
118.8,12,27.129968
104.0,10,27.130971
118.8,12,27.132145
104.0,10,27.133119
118.6,14,27.134489
104.0,10,27.135428
118.6,14,27.136694
118.8,12,27.137778
104.0,10,27.138718
118.8,12,27.139818
118.8,12,27.140927
118.8,12,27.14203
118.5,15,27.143397
118.3,17,27.144959
118.8,12,27.146064
118.6,14,27.147372
118.5,15,27.148721
104.0,10,27.149637
118.7,13,27.150881
118.9,11,27.151901
104.0,10,27.152814
118.6,14,27.154091
118.5,15,27.155487
104.0,10,27.15639
118.4,16,27.157847
118.3,17,27.159576
104.0,10,27.16056
133.8,12,27.161641
104.0,10,27.162605
118.6,14,27.163903
118.8,12,27.164983
104.0,10,27.165899
118.7,13,27.167224
118.7,13,27.168427
118.6,14,27.169689
104.0,10,27.170619
133.2,18,27.17225
104.0,10,27.173143
104.0,10,27.174065
118.9,11,27.175083
118.6,14,27.176379
104.0,10,27.177275
118.4,16,27.178791
118.6,14,27.18009
104.0,10,27.181008
118.3,17,27.182781
118.5,15,27.184154
118.9,11,27.185152
118.7,13,27.186345
104.0,10,27.187271
104.0,10,27.18818
104.0,10,27.189074
104.0,10,27.189987
118.5,15,27.191355
104.0,10,27.192263
118.8,12,27.193344
104.0,10,27.194252
118.5,15,27.195593
118.5,15,27.196922
133.8,12,27.197993
118.9,11,27.199012
118.6,14,27.200303
104.0,10,27.201203
133.8,12,27.202343
118.8,12,27.203541
118.9,11,27.204576
118.3,17,27.206169
104.0,10,27.207115
118.8,12,27.208212
118.4,16,27.209682
103.4,16,27.211147
118.4,16,27.212611
133.5,15,27.213964
104.0,10,27.214875
104.0,10,27.215785
133.8,12,27.216898
104.0,10,27.217821
118.5,15,27.219178
118.6,14,27.220438
118.6,14,27.221702
118.8,12,27.222791
118.6,14,27.224066
104.0,10,27.224968
118.8,12,27.226054
104.0,10,27.226984
118.7,13,27.228159
118.6,14,27.229434
104.0,10,27.230356
118.7,13,27.231532
118.2,18,27.233162
118.9,11,27.234156
104.0,10,27.235063
133.4,16,27.236507
118.4,16,27.237943
118.9,11,27.238943
118.8,12,27.240026
104.0,10,27.240952
118.8,12,27.24204
118.7,13,27.24322
104.0,10,27.244129
118.2,18,27.245739
118.9,11,27.246734
104.0,10,27.247633
118.5,15,27.248989
118.7,13,27.250162
118.7,13,27.251334
118.9,11,27.252336
118.7,13,27.253507
104.0,10,27.254405
118.7,13,27.255602
104.0,10,27.256508
118.9,11,27.257499
133.7,13,27.258662
118.9,11,27.259653
118.9,11,27.260647
118.6,14,27.261914
104.0,10,27.262829
118.9,11,27.263823
104.0,10,27.264731
118.7,13,27.265913
118.8,12,27.267
104.0,10,27.267914
118.9,11,27.268908
118.4,16,27.270341
133.3,17,27.271866
118.4,16,27.273324
118.5,15,27.274675
118.9,11,27.275667
118.6,14,27.471766
118.8,12,27.472919
118.8,12,27.47404
118.7,13,27.475228
118.8,12,27.476326
118.4,16,27.47778
118.2,18,27.479408
104.0,10,27.480332
118.5,15,27.481697
104.0,10,27.482618
104.0,10,27.483534
104.0,10,27.484451
118.4,16,27.485902
104.0,10,27.486839
118.3,17,27.488547
118.8,12,27.489719
118.9,11,27.490869
118.0,20,27.492819
118.9,11,27.493846
104.0,10,27.494781
118.6,14,27.49611
118.4,16,27.497731
104.0,10,27.498684
118.6,14,27.499985
118.5,15,27.501353
104.0,10,27.502283
118.8,12,27.503358
118.6,14,27.504716
118.7,13,27.505932
118.5,15,27.507314
118.6,14,27.508684
118.3,17,27.510332
104.0,10,27.511262
104.0,10,27.512221
104.0,10,27.513151
104.0,10,27.514083
104.0,10,27.515001
118.3,17,27.516644
118.4,16,27.518128
118.8,12,27.519251
118.5,15,27.520647
118.8,12,27.521751
104.0,10,27.522688
118.8,12,27.523802
118.7,13,27.525089
104.0,10,27.526026
118.7,13,27.527214
118.6,14,27.528524
118.9,11,27.52953
104.0,10,27.530443
118.4,16,27.531894
118.7,13,27.533118
118.8,12,27.534218
118.5,15,27.535587
104.0,10,27.536509
118.9,11,27.537495
118.7,13,27.538701
118.3,17,27.540254
118.9,11,27.541251
104.0,10,27.542157
118.5,15,27.543526
118.8,12,27.544637
104.0,10,27.545539
118.4,16,27.546994
133.6,14,27.548268
118.8,12,27.549353
118.6,14,27.550656
118.7,13,27.551823
104.0,10,27.552749
104.0,10,27.553647
118.9,11,27.554661
118.8,12,27.555736
118.8,12,27.556941
104.0,10,27.557888
103.7,13,27.559123
104.0,10,27.560095
118.4,16,27.561568
118.3,17,27.563129
118.5,15,27.564528
118.6,14,27.5658
118.8,12,27.566948
118.8,12,27.568041
104.0,10,27.569075
118.7,13,27.570308
118.9,11,27.571364
118.6,14,27.572658
104.0,10,27.573574
118.3,17,27.575124
104.0,10,27.576055
118.5,15,27.577528
118.3,17,27.579101
118.9,11,27.580105
118.6,14,27.581378
118.8,12,27.582479
118.8,12,27.583592
133.6,14,27.584861
118.8,12,27.585938
118.5,15,27.587316
118.5,15,27.588659
118.7,13,27.589844
104.0,10,27.590752
118.4,16,27.592166
104.0,10,27.593086
118.5,15,27.594433
104.0,10,27.595339
118.5,15,27.596679
118.7,13,27.597836
118.9,11,27.598822
104.0,10,27.599733
118.8,12,27.600812
118.8,12,27.601886
103.4,16,27.6033
118.6,14,27.604547
118.7,13,27.605698
118.3,17,27.607213
133.5,15,27.608544
118.8,12,27.60962
118.2,18,27.611226
133.0,20,27.612997
118.9,11,27.613985
118.3,17,27.615507
118.6,14,27.61676
118.1,19,27.618453
118.9,11,27.619436
118.2,18,27.621034
118.7,13,27.622194
118.6,14,27.623438
118.7,13,27.624589
118.9,11,27.625566
118.4,16,27.626991
103.9,11,27.627969
104.0,10,27.628866
104.0,10,27.629754
118.9,11,27.630735
118.7,13,27.631888
118.3,17,27.633383
118.9,11,27.634359
104.0,10,27.635242
118.7,13,27.636395
118.9,11,27.637375
118.6,14,27.638617
104.0,10,27.639509
104.0,10,27.640394
104.0,10,27.641286
133.8,12,27.642347
118.9,11,27.643327
118.2,18,27.644918
118.7,13,27.646071
104.0,10,27.646959
104.0,10,27.647852
104.0,10,27.648747
118.7,13,27.649913
118.9,11,27.650884
118.5,15,27.652225
118.9,11,27.653198
118.7,13,27.654356
103.7,13,27.655509
104.0,10,27.656405
104.0,10,27.657294
118.3,17,27.658857
118.5,15,27.855717
133.6,14,27.857011
118.7,13,27.858175
118.7,13,27.859333
118.7,13,27.860486
118.9,11,27.861461
118.4,15,27.862796
118.3,17,27.864298
104.0,10,27.865185
147.5,25,27.86737
104.0,10,27.868259
118.6,14,27.869489
118.6,14,27.870722
118.5,15,27.872042
118.5,15,27.873358
104.0,10,27.87424
118.0,20,27.87605
104.0,10,27.877168
118.7,13,27.878434
104.0,10,27.87953
118.6,14,27.880853
118.7,13,27.882042
118.7,13,27.883243
118.6,14,27.884508
133.2,18,27.886129
118.4,16,27.887577
104.0,10,27.888491
118.6,14,27.889779
104.0,10,27.890689
104.0,10,27.891605
104.0,10,27.892509
118.5,15,27.893871
118.7,13,27.895057
104.0,10,27.895956
118.9,11,27.896976
104.0,10,27.897871
118.9,11,27.898873
104.0,10,27.899799
104.0,10,27.90073
118.8,12,27.901815
118.9,11,27.902823
118.6,14,27.904066
104.0,10,27.905056
104.0,10,27.905992
118.8,12,27.907099
118.8,12,27.908183
104.0,10,27.909132
118.6,14,27.910402
118.7,13,27.91158
104.0,10,27.912483
118.4,16,27.913912
118.3,17,27.915431
118.9,11,27.916413
118.5,15,27.917807
118.7,13,27.918985
118.9,11,27.919961
118.2,18,27.921738
104.0,10,27.922704
118.4,16,27.924247
118.8,12,27.925379
104.0,10,27.9263
104.0,10,27.927222
103.7,13,27.928407
118.8,12,27.929634
133.6,14,27.930895
104.0,10,27.931808
104.0,10,27.932729
118.5,15,27.934072
104.0,10,27.934973
104.0,10,27.93586
118.8,12,27.936954
118.9,11,27.937936
133.8,12,27.939012
118.9,11,27.939994
104.0,10,27.940916
118.4,16,27.94234
104.0,10,27.943249
104.0,10,27.944166
104.0,10,27.945073
104.0,10,27.94596
118.6,14,27.947236
118.6,14,27.948469
104.0,10,27.949388
104.0,10,27.950289
118.4,16,27.951727
118.9,11,27.952705
118.8,12,27.953784
118.4,16,27.955228
118.6,14,27.956465
104.0,10,27.957381
118.2,18,27.958985
118.8,12,27.960086
118.3,17,27.961604
118.6,14,27.962848
118.5,15,27.964176
118.8,12,27.965262
118.2,18,27.966861
118.3,17,27.968372
118.6,14,27.969635
133.6,14,27.970875
104.0,10,27.971776
118.6,14,27.973024
104.0,10,27.97392
103.9,11,27.974895
104.0,10,27.975796
104.0,10,27.976687
104.0,10,27.97757
104.0,10,27.978475
118.7,13,27.979614
118.5,15,27.98093
118.7,13,27.982071
118.9,11,27.983131
118.3,17,27.984728
118.6,14,27.985988
104.0,10,27.986894
118.8,12,27.987968
118.9,11,27.988953
118.9,11,27.989943
118.6,14,27.991205
118.6,14,27.99246
118.5,15,27.993807
118.7,13,27.994968
118.4,16,27.996391
118.8,12,27.997463
103.9,11,27.998439
118.2,18,28.000035
118.5,15,28.001372
118.6,14,28.002613
104.0,10,28.00351
118.8,12,28.004578
118.8,12,28.005644
118.9,11,28.006635
104.0,10,28.007541
104.0,10,28.008437
118.4,16,28.009854
118.6,14,28.011096
118.3,17,28.012595
118.7,13,28.013754
118.8,12,28.014818
118.8,12,28.015883
118.8,12,28.016957
104.0,10,28.017848
118.7,13,28.019008
118.7,13,28.020165
118.9,11,28.021143
104.0,10,28.022027
104.0,10,28.022916
104.0,10,28.023804
118.9,11,28.024781
104.0,10,28.025669
118.7,13,28.026822
103.6,14,28.028059
104.0,10,28.028951
133.2,18,28.030541
133.5,15,28.03186
118.3,17,28.033374
118.9,11,28.034357
118.7,13,28.035516
118.4,16,28.036935
118.8,12,28.037998
104.0,10,28.038894
118.9,11,28.23581
118.8,12,28.236937
118.7,13,28.238119
118.4,16,28.239569
118.9,11,28.240564
118.8,12,28.241642
118.6,14,28.242892
104.0,10,28.243792
118.7,13,28.244961
118.9,11,28.245953
118.9,11,28.246945
133.7,13,28.248107
118.5,15,28.249444
118.8,12,28.250523
133.7,13,28.251703
118.8,12,28.252925
118.8,12,28.254117
104.0,10,28.255122
118.2,18,28.25679
118.9,11,28.25787
118.7,13,28.25905
118.7,13,28.26024
118.8,12,28.261414
118.3,17,28.263006
118.9,11,28.264035
118.7,13,28.26534
118.8,12,28.266568
118.4,16,28.268093
118.6,14,28.269447
118.9,11,28.27046
104.0,10,28.271411
118.4,16,28.272874
118.3,17,28.274444
118.7,13,28.275659
118.6,14,28.276959
118.6,14,28.278267
118.7,13,28.279472
104.0,10,28.280388
118.9,11,28.281485
104.0,10,28.282416
118.9,11,28.283477
104.0,10,28.284395
104.0,10,28.285387
118.9,11,28.286457
118.9,11,28.2875
133.6,14,28.288803
118.9,11,28.289821
118.8,12,28.290963
118.8,12,28.292063
104.0,10,28.292992
118.7,13,28.294204
118.8,12,28.295311
104.0,10,28.296236
118.9,11,28.297305
118.7,13,28.298539
118.7,13,28.299763
118.5,15,28.301163
104.0,10,28.302075
118.3,17,28.303632
118.6,14,28.304972
133.4,16,28.306463
118.9,11,28.307509
118.4,16,28.308966
118.3,17,28.310572
118.5,15,28.311948
133.8,12,28.313059
104.0,10,28.314067
103.2,18,28.315727
118.7,13,28.316954
104.0,10,28.317865
118.8,12,28.318954
104.0,10,28.319874
118.7,13,28.321047
118.7,13,28.322223
104.0,10,28.323129
118.9,11,28.32414
118.4,16,28.325592
118.6,14,28.326876
118.7,13,28.32804
104.0,10,28.328943
118.0,20,28.330723
104.0,10,28.331656
118.5,15,28.333057
118.8,12,28.334213
118.5,15,28.335612
118.8,12,28.336702
118.3,17,28.338273
103.7,13,28.339476
118.9,11,28.340488
118.6,14,28.341794
118.8,12,28.342902
103.3,17,28.344453
118.8,12,28.345617
118.7,13,28.346808
118.9,11,28.347823
118.9,11,28.348816
118.5,15,28.350451
118.9,11,28.351524
118.8,12,28.352643
118.9,11,28.353633
118.6,14,28.354912
118.5,15,28.35625
118.9,11,28.357248
118.8,12,28.358321
118.8,12,28.359384
104.0,10,28.360308
104.0,10,28.361203
118.6,14,28.362442
118.7,13,28.363597
118.7,13,28.364763
104.0,10,28.365663
104.0,10,28.366575
118.3,17,28.368088
104.0,10,28.368973
118.9,11,28.369948
118.6,14,28.371194
118.9,11,28.372166
118.8,12,28.373232
118.1,19,28.37492
104.0,10,28.375815
118.4,16,28.377245
104.0,10,28.378137
118.6,14,28.379376
118.6,14,28.380613
118.3,17,28.382104
118.9,11,28.383083
118.4,16,28.384495
118.3,17,28.385995
118.5,15,28.387321
118.1,19,28.388993
118.9,11,28.389969
118.6,14,28.39122
118.8,12,28.392282
118.3,17,28.39377
118.6,14,28.394998
118.7,13,28.396151
118.9,11,28.397121
118.4,16,28.398534
104.0,10,28.399424
118.6,14,28.400672
118.4,16,28.402075
104.0,10,28.40296
118.8,12,28.404014
103.4,16,28.405429
118.2,18,28.407018
118.2,18,28.408598
118.4,16,28.410005
118.9,11,28.410987
118.2,18,28.412569
118.9,11,28.413547
104.0,10,28.414432
118.2,18,28.416016
104.0,10,28.416918
118.7,13,28.418066
118.8,12,28.419126
104.0,10,28.420019
118.6,14,28.421256
104.0,10,28.422147
118.6,14,28.619587
118.9,11,28.620655
118.7,13,28.621843
118.3,17,28.623391
118.9,11,28.624393
118.3,17,28.625909
118.3,17,28.62743
118.7,13,28.628602
118.5,15,28.629955
118.9,11,28.630951
118.5,15,28.632334
104.0,10,28.633428
118.6,14,28.634806
104.0,10,28.635744
133.4,16,28.637187
118.4,16,28.638837
118.6,14,28.640174
118.8,12,28.641398
118.6,14,28.642717
118.5,15,28.644092
118.8,12,28.645209
118.7,13,28.646372
103.9,11,28.64739
104.0,10,28.648288
118.3,17,28.649947
104.0,10,28.650899
133.6,14,28.652211
104.0,10,28.6532
104.0,10,28.654128
118.8,12,28.655233
104.0,10,28.656132
104.0,10,28.657049
104.0,10,28.657949
118.7,13,28.659115
118.4,16,28.660551
118.8,12,28.66169
133.7,13,28.662863
103.9,11,28.663855
133.8,12,28.664935
103.9,11,28.665928
118.8,12,28.667025
118.7,13,28.668197
118.9,11,28.669259
104.0,10,28.670232
104.0,10,28.671211
118.6,14,28.672543
118.4,16,28.674059
118.9,11,28.675081
103.7,13,28.676271
118.4,16,28.677842
118.7,13,28.679048
104.0,10,28.679959
118.9,11,28.680974
118.3,17,28.682543
118.4,16,28.68401
118.7,13,28.685208
104.0,10,28.686105
118.7,13,28.68729
148.1,19,28.688977
104.0,10,28.689977
118.6,14,28.691265
118.9,11,28.692252
118.7,13,28.69347
118.7,13,28.694638
118.7,13,28.695812
118.5,15,28.697158
104.0,10,28.698174
118.8,12,28.699336
118.8,12,28.700449
104.0,10,28.7014
104.0,10,28.70232
104.0,10,28.703256
118.9,11,28.704253
104.0,10,28.705181
118.5,15,28.706542
118.8,12,28.707652
118.7,13,28.708846
118.7,13,28.710218
118.6,14,28.711527
104.0,10,28.712467
104.0,10,28.713425
118.5,15,28.714794
118.6,14,28.716086
118.5,15,28.717475
118.5,15,28.71884
118.8,12,28.71996
118.8,12,28.721069
118.4,16,28.722526
118.9,11,28.723534
118.8,12,28.724637
118.3,17,28.726211
104.0,10,28.727123
118.7,13,28.7283
104.0,10,28.729221
118.6,14,28.730488
118.9,11,28.731496
118.8,12,28.732612
118.9,11,28.733623
118.8,12,28.734724
118.6,14,28.735995
104.0,10,28.736904
118.9,11,28.737899
118.8,12,28.738983
118.9,11,28.739993
118.5,15,28.741364
118.6,14,28.742618
133.4,16,28.744059
104.0,10,28.744967
118.6,14,28.746221
118.7,13,28.747389
118.7,13,28.748565
118.7,13,28.749751
118.6,14,28.751025
133.8,12,28.7521
118.8,12,28.753181
118.8,12,28.754256
118.8,12,28.755339
118.5,15,28.756694
118.7,13,28.757871
118.6,14,28.759131
118.6,14,28.760397
118.7,13,28.761568
118.6,14,28.762837
118.6,14,28.764102
118.9,11,28.765099
118.5,15,28.766453
104.0,10,28.76736
118.6,14,28.768628
104.0,10,28.769533
118.9,11,28.770525
104.0,10,28.771432
118.6,14,28.77269
118.4,16,28.774139
104.0,10,28.775038
118.6,14,28.776292
133.8,12,28.777376
118.6,14,28.778635
104.0,10,28.779539
118.7,13,28.780705
133.5,15,28.782061
118.8,12,28.783152
118.5,15,28.784503
133.1,19,28.786201
118.5,15,28.787547
104.0,10,28.788453
118.9,11,28.789453
133.8,12,28.790536
104.0,10,28.791445
104.0,10,28.792353
118.6,14,28.793615
118.5,15,28.794957
118.6,14,28.796213
104.0,10,28.797112
118.4,16,28.798536
118.4,16,28.799986
118.9,11,28.800973
104.0,10,28.801877
104.0,10,28.802779
118.7,13,28.80395
118.4,16,28.805379
104.0,10,28.806288
